diet_tag,ingredient_type,ingredient,ingredient_share,country_of_origin,custom_yield_kg_ha
diet_dairy_calves_replacement_north,concentrate,corn_national,42.7,Spain,
diet_dairy_calves_replacement_north,concentrate,corn_gluten_feed_20_5_cp,0,,
diet_dairy_calves_replacement_north,concentrate,barley_2_rows_national_11_3_cp,0,Spain,
diet_dairy_calves_replacement_north,concentrate,wheat_soft_national_12_9_cp,0,Spain,
diet_dairy_calves_replacement_north,concentrate,wheat_middlings_25_starch,0,,
diet_dairy_calves_replacement_north,concentrate,soybean_meal_44_cp,0,,
diet_dairy_calves_replacement_north,concentrate,soybean_meal_47_cp,0,,
diet_dairy_calves_replacement_north,concentrate,soybean_hulls_12_cp,0,,
diet_dairy_calves_replacement_north,concentrate,rapeseed_meal_00_33_cp,0,,
diet_dairy_calves_replacement_north,concentrate,sunflower_meal_32_cp,55.6,,
diet_dairy_calves_replacement_north,concentrate,oat_hulls,0,,
diet_dairy_calves_replacement_north,concentrate,beet_pulp_4_ash,0,,
diet_dairy_calves_replacement_north,concentrate,molasses_beet,0,,
diet_dairy_calves_replacement_north,concentrate,cotton_seed_whole,0,,
diet_dairy_calves_replacement_north,concentrate,brewers_grains,0,,
diet_dairy_calves_replacement_north,concentrate,brewery_yeast,0,,
diet_dairy_calves_replacement_north,concentrate,sodium_bicarbonate,1.7,,
diet_dairy_calves_replacement_north,concentrate,calcium_carbonate,0,,
diet_dairy_calves_replacement_north,concentrate,sodium_chloride_mine_92,0,,
diet_dairy_calves_replacement_north,concentrate,potassium_carbonate,0,,
diet_dairy_calves_replacement_north,concentrate,sodium_sulfate,0,,
diet_dairy_calves_replacement_north,concentrate,Vitamin/mineral_supplement,0,,
diet_dairy_calves_replacement_north,concentrate,mg_oxide_calcined_magnesite,0,,
diet_dairy_calves_replacement_north,concentrate,urea,0,,
diet_dairy_calves_replacement_north,concentrate,mixed_calcium_soaps,0,,
diet_dairy_calves_replacement_north,forage,straw_cereals_wheat_and_barley,23.9,,
diet_dairy_calves_replacement_north,forage,alfalfa_hay_first,0,,
diet_dairy_calves_replacement_north,forage,ryegrass_hay_second,0,,
diet_dairy_calves_replacement_north,forage,corn_silage_25_30,0,,
diet_dairy_calves_replacement_north,forage,ryegrass_silage_second,76.1,,
diet_dairy_calves_replacement_north,forage,cereals_silage_wheat_barley_oat_triticale,0,,
diet_dairy_calves_replacement_north,forage,wheat_silage_25_30,0,,
diet_dairy_calves_replacement_north,forage,barley_silage_25_30,0,,
diet_dairy_calves_replacement_north,forage,oat_silage_25_30,0,,
diet_dairy_calves_replacement_north,forage,triticale_silage_25_30,0,,
diet_dairy_calves_replacement_north,forage,sorghum_silage_25_30,0,,
diet_dairy_calves_replacement_north,forage,alfalfa_silage,0,,
diet_dairy_yearlings_replacement_north,concentrate,corn_national,41.1,Spain,
diet_dairy_yearlings_replacement_north,concentrate,corn_gluten_feed_20_5_cp,0,,
diet_dairy_yearlings_replacement_north,concentrate,barley_2_rows_national_11_3_cp,0,Spain,
diet_dairy_yearlings_replacement_north,concentrate,wheat_soft_national_12_9_cp,0,Spain,
diet_dairy_yearlings_replacement_north,concentrate,wheat_middlings_25_starch,0,,
diet_dairy_yearlings_replacement_north,concentrate,soybean_meal_44_cp,0,,
diet_dairy_yearlings_replacement_north,concentrate,soybean_meal_47_cp,0,,
diet_dairy_yearlings_replacement_north,concentrate,soybean_hulls_12_cp,0,,
diet_dairy_yearlings_replacement_north,concentrate,rapeseed_meal_00_33_cp,0,,
diet_dairy_yearlings_replacement_north,concentrate,sunflower_meal_32_cp,45.3,,
diet_dairy_yearlings_replacement_north,concentrate,oat_hulls,11.3,,
diet_dairy_yearlings_replacement_north,concentrate,beet_pulp_4_ash,0,,
diet_dairy_yearlings_replacement_north,concentrate,molasses_beet,0,,
diet_dairy_yearlings_replacement_north,concentrate,cotton_seed_whole,0,,
diet_dairy_yearlings_replacement_north,concentrate,brewers_grains,0,,
diet_dairy_yearlings_replacement_north,concentrate,brewery_yeast,0,,
diet_dairy_yearlings_replacement_north,concentrate,sodium_bicarbonate,0,,
diet_dairy_yearlings_replacement_north,concentrate,calcium_carbonate,2.2,,
diet_dairy_yearlings_replacement_north,concentrate,sodium_chloride_mine_92,0,,
diet_dairy_yearlings_replacement_north,concentrate,potassium_carbonate,0,,
diet_dairy_yearlings_replacement_north,concentrate,sodium_sulfate,0,,
diet_dairy_yearlings_replacement_north,concentrate,Vitamin/mineral_supplement,0,,
diet_dairy_yearlings_replacement_north,concentrate,mg_oxide_calcined_magnesite,0,,
diet_dairy_yearlings_replacement_north,concentrate,urea,0,,
diet_dairy_yearlings_replacement_north,concentrate,mixed_calcium_soaps,0,,
diet_dairy_yearlings_replacement_north,forage,straw_cereals_wheat_and_barley,41.1,,
diet_dairy_yearlings_replacement_north,forage,alfalfa_hay_first,0,,
diet_dairy_yearlings_replacement_north,forage,ryegrass_hay_second,0,,
diet_dairy_yearlings_replacement_north,forage,corn_silage_25_30,0,,
diet_dairy_yearlings_replacement_north,forage,ryegrass_silage_second,58.9,,
diet_dairy_yearlings_replacement_north,forage,cereals_silage_wheat_barley_oat_triticale,0,,
diet_dairy_yearlings_replacement_north,forage,wheat_silage_25_30,0,,
diet_dairy_yearlings_replacement_north,forage,barley_silage_25_30,0,,
diet_dairy_yearlings_replacement_north,forage,oat_silage_25_30,0,,
diet_dairy_yearlings_replacement_north,forage,triticale_silage_25_30,0,,
diet_dairy_yearlings_replacement_north,forage,sorghum_silage_25_30,0,,
diet_dairy_yearlings_replacement_north,forage,alfalfa_silage,0,,
diet_dairy_mature_north_lactation_phase,concentrate,corn_national,15.9,Spain,
diet_dairy_mature_north_lactation_phase,concentrate,corn_gluten_feed_20_5_cp,0,,
diet_dairy_mature_north_lactation_phase,concentrate,barley_2_rows_national_11_3_cp,42.4,Spain,
diet_dairy_mature_north_lactation_phase,concentrate,wheat_soft_national_12_9_cp,0,Spain,
diet_dairy_mature_north_lactation_phase,concentrate,wheat_middlings_25_starch,0,,
diet_dairy_mature_north_lactation_phase,concentrate,soybean_meal_44_cp,17.7,,
diet_dairy_mature_north_lactation_phase,concentrate,soybean_meal_47_cp,0,,
diet_dairy_mature_north_lactation_phase,concentrate,soybean_hulls_12_cp,0,,
diet_dairy_mature_north_lactation_phase,concentrate,rapeseed_meal_00_33_cp,16.1,,
diet_dairy_mature_north_lactation_phase,concentrate,sunflower_meal_32_cp,0,,
diet_dairy_mature_north_lactation_phase,concentrate,oat_hulls,0,,
diet_dairy_mature_north_lactation_phase,concentrate,beet_pulp_4_ash,0,,
diet_dairy_mature_north_lactation_phase,concentrate,molasses_beet,0,,
diet_dairy_mature_north_lactation_phase,concentrate,cotton_seed_whole,0,,
diet_dairy_mature_north_lactation_phase,concentrate,brewers_grains,0,,
diet_dairy_mature_north_lactation_phase,concentrate,brewery_yeast,0,,
diet_dairy_mature_north_lactation_phase,concentrate,sodium_bicarbonate,2.1,,
diet_dairy_mature_north_lactation_phase,concentrate,calcium_carbonate,2.1,,
diet_dairy_mature_north_lactation_phase,concentrate,sodium_chloride_mine_92,0.5,,
diet_dairy_mature_north_lactation_phase,concentrate,potassium_carbonate,0,,
diet_dairy_mature_north_lactation_phase,concentrate,sodium_sulfate,0,,
diet_dairy_mature_north_lactation_phase,concentrate,Vitamin/mineral_supplement,1.5,,
diet_dairy_mature_north_lactation_phase,concentrate,mg_oxide_calcined_magnesite,0,,
diet_dairy_mature_north_lactation_phase,concentrate,urea,1.1,,
diet_dairy_mature_north_lactation_phase,concentrate,mixed_calcium_soaps,0.6,,
diet_dairy_mature_north_lactation_phase,forage,straw_cereals_wheat_and_barley,0,,
diet_dairy_mature_north_lactation_phase,forage,alfalfa_hay_first,0,,
diet_dairy_mature_north_lactation_phase,forage,ryegrass_hay_second,0,,
diet_dairy_mature_north_lactation_phase,forage,corn_silage_25_30,60,,
diet_dairy_mature_north_lactation_phase,forage,ryegrass_silage_second,40,,
diet_dairy_mature_north_lactation_phase,forage,cereals_silage_wheat_barley_oat_triticale,0,,
diet_dairy_mature_north_lactation_phase,forage,wheat_silage_25_30,0,,
diet_dairy_mature_north_lactation_phase,forage,barley_silage_25_30,0,,
diet_dairy_mature_north_lactation_phase,forage,oat_silage_25_30,0,,
diet_dairy_mature_north_lactation_phase,forage,triticale_silage_25_30,0,,
diet_dairy_mature_north_lactation_phase,forage,sorghum_silage_25_30,0,,
diet_dairy_mature_north_lactation_phase,forage,alfalfa_silage,0,,
diet_dairy_mature_north_dry_phase,concentrate,corn_national,43.2,Spain,
diet_dairy_mature_north_dry_phase,concentrate,corn_gluten_feed_20_5_cp,0,,
diet_dairy_mature_north_dry_phase,concentrate,barley_2_rows_national_11_3_cp,0,Spain,
diet_dairy_mature_north_dry_phase,concentrate,wheat_soft_national_12_9_cp,0,Spain,
diet_dairy_mature_north_dry_phase,concentrate,wheat_middlings_25_starch,0,,
diet_dairy_mature_north_dry_phase,concentrate,soybean_meal_44_cp,0,,
diet_dairy_mature_north_dry_phase,concentrate,soybean_meal_47_cp,0,,
diet_dairy_mature_north_dry_phase,concentrate,soybean_hulls_12_cp,0,,
diet_dairy_mature_north_dry_phase,concentrate,rapeseed_meal_00_33_cp,56.8,,
diet_dairy_mature_north_dry_phase,concentrate,sunflower_meal_32_cp,0,,
diet_dairy_mature_north_dry_phase,concentrate,oat_hulls,0,,
diet_dairy_mature_north_dry_phase,concentrate,beet_pulp_4_ash,0,,
diet_dairy_mature_north_dry_phase,concentrate,molasses_beet,0,,
diet_dairy_mature_north_dry_phase,concentrate,cotton_seed_whole,0,,
diet_dairy_mature_north_dry_phase,concentrate,brewers_grains,0,,
diet_dairy_mature_north_dry_phase,concentrate,brewery_yeast,0,,
diet_dairy_mature_north_dry_phase,concentrate,sodium_bicarbonate,0,,
diet_dairy_mature_north_dry_phase,concentrate,calcium_carbonate,0,,
diet_dairy_mature_north_dry_phase,concentrate,sodium_chloride_mine_92,0,,
diet_dairy_mature_north_dry_phase,concentrate,potassium_carbonate,0,,
diet_dairy_mature_north_dry_phase,concentrate,sodium_sulfate,0,,
diet_dairy_mature_north_dry_phase,concentrate,Vitamin/mineral_supplement,0,,
diet_dairy_mature_north_dry_phase,concentrate,mg_oxide_calcined_magnesite,0,,
diet_dairy_mature_north_dry_phase,concentrate,urea,0,,
diet_dairy_mature_north_dry_phase,concentrate,mixed_calcium_soaps,0,,
diet_dairy_mature_north_dry_phase,forage,straw_cereals_wheat_and_barley,36.6,,
diet_dairy_mature_north_dry_phase,forage,alfalfa_hay_first,0,,
diet_dairy_mature_north_dry_phase,forage,ryegrass_hay_second,0,,
diet_dairy_mature_north_dry_phase,forage,corn_silage_25_30,0,,
diet_dairy_mature_north_dry_phase,forage,ryegrass_silage_second,0,,
diet_dairy_mature_north_dry_phase,forage,cereals_silage_wheat_barley_oat_triticale,63.4,,
diet_dairy_mature_north_dry_phase,forage,wheat_silage_25_30,0,,
diet_dairy_mature_north_dry_phase,forage,barley_silage_25_30,0,,
diet_dairy_mature_north_dry_phase,forage,oat_silage_25_30,0,,
diet_dairy_mature_north_dry_phase,forage,triticale_silage_25_30,0,,
diet_dairy_mature_north_dry_phase,forage,sorghum_silage_25_30,0,,
diet_dairy_mature_north_dry_phase,forage,alfalfa_silage,0,,
diet_dairy_calves_replacement_south,concentrate,corn_national,60.85,Spain,
diet_dairy_calves_replacement_south,concentrate,corn_gluten_feed_20_5_cp,0,,
diet_dairy_calves_replacement_south,concentrate,barley_2_rows_national_11_3_cp,0,Spain,
diet_dairy_calves_replacement_south,concentrate,wheat_soft_national_12_9_cp,0,Spain,
diet_dairy_calves_replacement_south,concentrate,wheat_middlings_25_starch,0,,
diet_dairy_calves_replacement_south,concentrate,soybean_meal_44_cp,0,,
diet_dairy_calves_replacement_south,concentrate,soybean_meal_47_cp,0,,
diet_dairy_calves_replacement_south,concentrate,soybean_hulls_12_cp,0,,
diet_dairy_calves_replacement_south,concentrate,rapeseed_meal_00_33_cp,32.5,,
diet_dairy_calves_replacement_south,concentrate,sunflower_meal_32_cp,0,,
diet_dairy_calves_replacement_south,concentrate,oat_hulls,0,,
diet_dairy_calves_replacement_south,concentrate,beet_pulp_4_ash,0,,
diet_dairy_calves_replacement_south,concentrate,molasses_beet,0,,
diet_dairy_calves_replacement_south,concentrate,cotton_seed_whole,0,,
diet_dairy_calves_replacement_south,concentrate,brewers_grains,0,,
diet_dairy_calves_replacement_south,concentrate,brewery_yeast,0,,
diet_dairy_calves_replacement_south,concentrate,sodium_bicarbonate,0,,
diet_dairy_calves_replacement_south,concentrate,calcium_carbonate,4.46,,
diet_dairy_calves_replacement_south,concentrate,sodium_chloride_mine_92,0.84,,
diet_dairy_calves_replacement_south,concentrate,potassium_carbonate,0,,
diet_dairy_calves_replacement_south,concentrate,sodium_sulfate,0,,
diet_dairy_calves_replacement_south,concentrate,Vitamin/mineral_supplement,0,,
diet_dairy_calves_replacement_south,concentrate,mg_oxide_calcined_magnesite,0,,
diet_dairy_calves_replacement_south,concentrate,urea,1.36,,
diet_dairy_calves_replacement_south,concentrate,mixed_calcium_soaps,0,,
diet_dairy_calves_replacement_south,forage,straw_cereals_wheat_and_barley,5.9,,
diet_dairy_calves_replacement_south,forage,alfalfa_hay_first,0,,
diet_dairy_calves_replacement_south,forage,ryegrass_hay_second,82.5,,
diet_dairy_calves_replacement_south,forage,corn_silage_25_30,0,,
diet_dairy_calves_replacement_south,forage,ryegrass_silage_second,0,,
diet_dairy_calves_replacement_south,forage,cereals_silage_wheat_barley_oat_triticale,0,,
diet_dairy_calves_replacement_south,forage,wheat_silage_25_30,0,,
diet_dairy_calves_replacement_south,forage,barley_silage_25_30,0,,
diet_dairy_calves_replacement_south,forage,oat_silage_25_30,0,,
diet_dairy_calves_replacement_south,forage,triticale_silage_25_30,0,,
diet_dairy_calves_replacement_south,forage,sorghum_silage_25_30,0,,
diet_dairy_calves_replacement_south,forage,alfalfa_silage,11.6,,
diet_dairy_yearlings_replacement_south,concentrate,corn_national,66.94,Spain,
diet_dairy_yearlings_replacement_south,concentrate,corn_gluten_feed_20_5_cp,0,,
diet_dairy_yearlings_replacement_south,concentrate,barley_2_rows_national_11_3_cp,0,Spain,
diet_dairy_yearlings_replacement_south,concentrate,wheat_soft_national_12_9_cp,0,Spain,
diet_dairy_yearlings_replacement_south,concentrate,wheat_middlings_25_starch,0,,
diet_dairy_yearlings_replacement_south,concentrate,soybean_meal_44_cp,0,,
diet_dairy_yearlings_replacement_south,concentrate,soybean_meal_47_cp,24.12,,
diet_dairy_yearlings_replacement_south,concentrate,soybean_hulls_12_cp,0,,
diet_dairy_yearlings_replacement_south,concentrate,rapeseed_meal_00_33_cp,0,,
diet_dairy_yearlings_replacement_south,concentrate,sunflower_meal_32_cp,0,,
diet_dairy_yearlings_replacement_south,concentrate,oat_hulls,0,,
diet_dairy_yearlings_replacement_south,concentrate,beet_pulp_4_ash,0,,
diet_dairy_yearlings_replacement_south,concentrate,molasses_beet,0,,
diet_dairy_yearlings_replacement_south,concentrate,cotton_seed_whole,0,,
diet_dairy_yearlings_replacement_south,concentrate,brewers_grains,0,,
diet_dairy_yearlings_replacement_south,concentrate,brewery_yeast,0,,
diet_dairy_yearlings_replacement_south,concentrate,sodium_bicarbonate,2.74,,
diet_dairy_yearlings_replacement_south,concentrate,calcium_carbonate,3.36,,
diet_dairy_yearlings_replacement_south,concentrate,sodium_chloride_mine_92,1.26,,
diet_dairy_yearlings_replacement_south,concentrate,potassium_carbonate,0,,
diet_dairy_yearlings_replacement_south,concentrate,sodium_sulfate,0,,
diet_dairy_yearlings_replacement_south,concentrate,Vitamin/mineral_supplement,0,,
diet_dairy_yearlings_replacement_south,concentrate,mg_oxide_calcined_magnesite,0,,
diet_dairy_yearlings_replacement_south,concentrate,urea,1.59,,
diet_dairy_yearlings_replacement_south,concentrate,mixed_calcium_soaps,0,,
diet_dairy_yearlings_replacement_south,forage,straw_cereals_wheat_and_barley,9.4,,
diet_dairy_yearlings_replacement_south,forage,alfalfa_hay_first,0,,
diet_dairy_yearlings_replacement_south,forage,ryegrass_hay_second,79,,
diet_dairy_yearlings_replacement_south,forage,corn_silage_25_30,0,,
diet_dairy_yearlings_replacement_south,forage,ryegrass_silage_second,0,,
diet_dairy_yearlings_replacement_south,forage,cereals_silage_wheat_barley_oat_triticale,0,,
diet_dairy_yearlings_replacement_south,forage,wheat_silage_25_30,0,,
diet_dairy_yearlings_replacement_south,forage,barley_silage_25_30,0,,
diet_dairy_yearlings_replacement_south,forage,oat_silage_25_30,0,,
diet_dairy_yearlings_replacement_south,forage,triticale_silage_25_30,0,,
diet_dairy_yearlings_replacement_south,forage,sorghum_silage_25_30,0,,
diet_dairy_yearlings_replacement_south,forage,alfalfa_silage,11.6,,
diet_dairy_mature_south_lactation_phase,concentrate,corn_national,44.85,Spain,
diet_dairy_mature_south_lactation_phase,concentrate,corn_gluten_feed_20_5_cp,0,,
diet_dairy_mature_south_lactation_phase,concentrate,barley_2_rows_national_11_3_cp,0,Spain,
diet_dairy_mature_south_lactation_phase,concentrate,wheat_soft_national_12_9_cp,0,Spain,
diet_dairy_mature_south_lactation_phase,concentrate,wheat_middlings_25_starch,0,,
diet_dairy_mature_south_lactation_phase,concentrate,soybean_meal_44_cp,17.12,,
diet_dairy_mature_south_lactation_phase,concentrate,soybean_meal_47_cp,0,,
diet_dairy_mature_south_lactation_phase,concentrate,soybean_hulls_12_cp,0,,
diet_dairy_mature_south_lactation_phase,concentrate,rapeseed_meal_00_33_cp,28.71,,
diet_dairy_mature_south_lactation_phase,concentrate,sunflower_meal_32_cp,0,,
diet_dairy_mature_south_lactation_phase,concentrate,oat_hulls,0,,
diet_dairy_mature_south_lactation_phase,concentrate,beet_pulp_4_ash,0,,
diet_dairy_mature_south_lactation_phase,concentrate,molasses_beet,0,,
diet_dairy_mature_south_lactation_phase,concentrate,cotton_seed_whole,0,,
diet_dairy_mature_south_lactation_phase,concentrate,brewers_grains,0,,
diet_dairy_mature_south_lactation_phase,concentrate,brewery_yeast,0,,
diet_dairy_mature_south_lactation_phase,concentrate,sodium_bicarbonate,2.26,,
diet_dairy_mature_south_lactation_phase,concentrate,calcium_carbonate,2.11,,
diet_dairy_mature_south_lactation_phase,concentrate,sodium_chloride_mine_92,0.42,,
diet_dairy_mature_south_lactation_phase,concentrate,potassium_carbonate,0.94,,
diet_dairy_mature_south_lactation_phase,concentrate,sodium_sulfate,0,,
diet_dairy_mature_south_lactation_phase,concentrate,Vitamin/mineral_supplement,1.12,,
diet_dairy_mature_south_lactation_phase,concentrate,mg_oxide_calcined_magnesite,0.34,,
diet_dairy_mature_south_lactation_phase,concentrate,urea,1.01,,
diet_dairy_mature_south_lactation_phase,concentrate,mixed_calcium_soaps,1.13,,
diet_dairy_mature_south_lactation_phase,forage,straw_cereals_wheat_and_barley,0,,
diet_dairy_mature_south_lactation_phase,forage,alfalfa_hay_first,0,,
diet_dairy_mature_south_lactation_phase,forage,ryegrass_hay_second,0,,
diet_dairy_mature_south_lactation_phase,forage,corn_silage_25_30,71.4,,
diet_dairy_mature_south_lactation_phase,forage,ryegrass_silage_second,0,,
diet_dairy_mature_south_lactation_phase,forage,cereals_silage_wheat_barley_oat_triticale,28.6,,
diet_dairy_mature_south_lactation_phase,forage,wheat_silage_25_30,0,,
diet_dairy_mature_south_lactation_phase,forage,barley_silage_25_30,0,,
diet_dairy_mature_south_lactation_phase,forage,oat_silage_25_30,0,,
diet_dairy_mature_south_lactation_phase,forage,triticale_silage_25_30,0,,
diet_dairy_mature_south_lactation_phase,forage,sorghum_silage_25_30,0,,
diet_dairy_mature_south_lactation_phase,forage,alfalfa_silage,0,,
diet_dairy_mature_south_dry_phase,concentrate,corn_national,54.26,Spain,
diet_dairy_mature_south_dry_phase,concentrate,corn_gluten_feed_20_5_cp,0,,
diet_dairy_mature_south_dry_phase,concentrate,barley_2_rows_national_11_3_cp,0,Spain,
diet_dairy_mature_south_dry_phase,concentrate,wheat_soft_national_12_9_cp,0,Spain,
diet_dairy_mature_south_dry_phase,concentrate,wheat_middlings_25_starch,0,,
diet_dairy_mature_south_dry_phase,concentrate,soybean_meal_44_cp,0,,
diet_dairy_mature_south_dry_phase,concentrate,soybean_meal_47_cp,0,,
diet_dairy_mature_south_dry_phase,concentrate,soybean_hulls_12_cp,0,,
diet_dairy_mature_south_dry_phase,concentrate,rapeseed_meal_00_33_cp,38.44,,
diet_dairy_mature_south_dry_phase,concentrate,sunflower_meal_32_cp,0,,
diet_dairy_mature_south_dry_phase,concentrate,oat_hulls,0,,
diet_dairy_mature_south_dry_phase,concentrate,beet_pulp_4_ash,0,,
diet_dairy_mature_south_dry_phase,concentrate,molasses_beet,0,,
diet_dairy_mature_south_dry_phase,concentrate,cotton_seed_whole,0,,
diet_dairy_mature_south_dry_phase,concentrate,brewers_grains,0,,
diet_dairy_mature_south_dry_phase,concentrate,brewery_yeast,0,,
diet_dairy_mature_south_dry_phase,concentrate,sodium_bicarbonate,0,,
diet_dairy_mature_south_dry_phase,concentrate,calcium_carbonate,0,,
diet_dairy_mature_south_dry_phase,concentrate,sodium_chloride_mine_92,0,,
diet_dairy_mature_south_dry_phase,concentrate,potassium_carbonate,0,,
diet_dairy_mature_south_dry_phase,concentrate,sodium_sulfate,5.61,,
diet_dairy_mature_south_dry_phase,concentrate,Vitamin/mineral_supplement,0,,
diet_dairy_mature_south_dry_phase,concentrate,mg_oxide_calcined_magnesite,0,,
diet_dairy_mature_south_dry_phase,concentrate,urea,1.69,,
diet_dairy_mature_south_dry_phase,concentrate,mixed_calcium_soaps,0,,
diet_dairy_mature_south_dry_phase,forage,straw_cereals_wheat_and_barley,36.6,,
diet_dairy_mature_south_dry_phase,forage,alfalfa_hay_first,0,,
diet_dairy_mature_south_dry_phase,forage,ryegrass_hay_second,0,,
diet_dairy_mature_south_dry_phase,forage,corn_silage_25_30,0,,
diet_dairy_mature_south_dry_phase,forage,ryegrass_silage_second,0,,
diet_dairy_mature_south_dry_phase,forage,cereals_silage_wheat_barley_oat_triticale,63.4,,
diet_dairy_mature_south_dry_phase,forage,wheat_silage_25_30,0,,
diet_dairy_mature_south_dry_phase,forage,barley_silage_25_30,0,,
diet_dairy_mature_south_dry_phase,forage,oat_silage_25_30,0,,
diet_dairy_mature_south_dry_phase,forage,triticale_silage_25_30,0,,
diet_dairy_mature_south_dry_phase,forage,sorghum_silage_25_30,0,,
diet_dairy_mature_south_dry_phase,forage,alfalfa_silage,0,,
diet_beef_calves_slaughter_dehesa,concentrate,barley_2_rows_national_11_3_cp,0,Spain,
diet_beef_calves_slaughter_dehesa,concentrate,soybean_meal_44_cp,0,,
diet_beef_calves_slaughter_dehesa,concentrate,soybean_meal_47_cp,0,,
diet_beef_calves_slaughter_dehesa,concentrate,wheat_soft_national_12_9_cp,0,Spain,
diet_beef_calves_slaughter_dehesa,concentrate,corn_national,0,Spain,
diet_beef_calves_slaughter_dehesa,concentrate,wheypowder_acid,0,,
diet_beef_calves_slaughter_dehesa,concentrate,corn_gluten_feed_19_cp,0,,
diet_beef_calves_slaughter_dehesa,concentrate,forage_meal_mix_12_5_cp,0,,
diet_beef_calves_slaughter_dehesa,concentrate,sunflower_meal_28_cp,0,,
diet_beef_calves_slaughter_dehesa,concentrate,sunflower_meal_expeller_34_cp,0,,
diet_beef_calves_slaughter_dehesa,concentrate,soybean_hulls_12_cp,0,,
diet_beef_calves_slaughter_dehesa,concentrate,corn_heat_processed_national,0,Spain,
diet_beef_calves_slaughter_dehesa,concentrate,molasses_sugarcane,0,,
diet_beef_calves_slaughter_dehesa,concentrate,wheat_bran_20_starch,0,,
diet_beef_calves_slaughter_dehesa,concentrate,carob_bean,0,,
diet_beef_calves_slaughter_dehesa,concentrate,beet_pulp_4_ash,0,,
diet_beef_calves_slaughter_dehesa,concentrate,palm_oil,0,,
diet_beef_calves_slaughter_dehesa,concentrate,butterfat,0,,
diet_beef_calves_slaughter_dehesa,concentrate,mixed_calcium_soaps,0,,
diet_beef_calves_slaughter_dehesa,concentrate,calcium_carbonate,0,,
diet_beef_calves_slaughter_dehesa,concentrate,field_pea_heat_processed,0,,
diet_beef_calves_slaughter_dehesa,concentrate,dicalcium_phosphate_dihydrated,0,,
diet_beef_calves_slaughter_dehesa,concentrate,sodium_chloride_mine_92,0,,
diet_beef_calves_slaughter_dehesa,concentrate,sodium_bicarbonate,0,,
diet_beef_calves_slaughter_dehesa,concentrate,brewery_yeast,0,,
diet_beef_calves_slaughter_dehesa,concentrate,sodium_butyrate,0,,
diet_beef_calves_slaughter_dehesa,concentrate,mycotoxin_adsorbent,0,,
diet_beef_calves_slaughter_dehesa,concentrate,ammonium_chloride,0,,
diet_beef_calves_slaughter_dehesa,concentrate,aroma,0,,
diet_beef_calves_slaughter_dehesa,concentrate,Vitamin/mineral_supplement,0,,
diet_beef_calves_slaughter_dehesa,forage,ryegrass_fresh_third,0,,
diet_beef_calves_slaughter_dehesa,forage,vetch_hay_third,0,,
diet_beef_calves_slaughter_dehesa,forage,ryegrass_fresh_first,0,,
diet_beef_calves_slaughter_dehesa,forage,grass_silage_third,0,,
diet_beef_calves_slaughter_dehesa,forage,ryegrass_hay_fourth,0,,
diet_beef_calves_slaughter_dehesa,forage,ryegrass_fresh_second,0,,
diet_beef_calves_slaughter_dehesa,milk,cow_breast_milk,100,,
diet_beef_calves_slaughter_mountain,concentrate,barley_2_rows_national_11_3_cp,7.64,Spain,
diet_beef_calves_slaughter_mountain,concentrate,soybean_meal_44_cp,0,,
diet_beef_calves_slaughter_mountain,concentrate,soybean_meal_47_cp,11.85,,
diet_beef_calves_slaughter_mountain,concentrate,wheat_soft_national_12_9_cp,0,Spain,
diet_beef_calves_slaughter_mountain,concentrate,corn_national,34.96,Spain,
diet_beef_calves_slaughter_mountain,concentrate,wheypowder_acid,0,,
diet_beef_calves_slaughter_mountain,concentrate,corn_gluten_feed_19_cp,13.06,,
diet_beef_calves_slaughter_mountain,concentrate,forage_meal_mix_12_5_cp,0,,
diet_beef_calves_slaughter_mountain,concentrate,sunflower_meal_28_cp,0,,
diet_beef_calves_slaughter_mountain,concentrate,sunflower_meal_expeller_34_cp,3.06,,
diet_beef_calves_slaughter_mountain,concentrate,soybean_hulls_12_cp,0,,
diet_beef_calves_slaughter_mountain,concentrate,corn_heat_processed_national,6.85,Spain,
diet_beef_calves_slaughter_mountain,concentrate,molasses_sugarcane,0,,
diet_beef_calves_slaughter_mountain,concentrate,wheat_bran_20_starch,11.71,,
diet_beef_calves_slaughter_mountain,concentrate,carob_bean,2.89,,
diet_beef_calves_slaughter_mountain,concentrate,beet_pulp_4_ash,1.53,,
diet_beef_calves_slaughter_mountain,concentrate,palm_oil,2.92,,
diet_beef_calves_slaughter_mountain,concentrate,butterfat,0,,
diet_beef_calves_slaughter_mountain,concentrate,mixed_calcium_soaps,0,,
diet_beef_calves_slaughter_mountain,concentrate,calcium_carbonate,2.02,,
diet_beef_calves_slaughter_mountain,concentrate,field_pea_heat_processed,0,,
diet_beef_calves_slaughter_mountain,concentrate,dicalcium_phosphate_dihydrated,0,,
diet_beef_calves_slaughter_mountain,concentrate,sodium_chloride_mine_92,0.29,,
diet_beef_calves_slaughter_mountain,concentrate,sodium_bicarbonate,0,,
diet_beef_calves_slaughter_mountain,concentrate,brewery_yeast,0.08,,
diet_beef_calves_slaughter_mountain,concentrate,sodium_butyrate,0.17,,
diet_beef_calves_slaughter_mountain,concentrate,mycotoxin_adsorbent,0.11,,
diet_beef_calves_slaughter_mountain,concentrate,ammonium_chloride,0.1,,
diet_beef_calves_slaughter_mountain,concentrate,aroma,0.07,,
diet_beef_calves_slaughter_mountain,concentrate,Vitamin/mineral_supplement,0.67,,
diet_beef_calves_slaughter_mountain,forage,ryegrass_fresh_third,0,,
diet_beef_calves_slaughter_mountain,forage,vetch_hay_third,0,,
diet_beef_calves_slaughter_mountain,forage,ryegrass_fresh_first,0,,
diet_beef_calves_slaughter_mountain,forage,grass_silage_third,0,,
diet_beef_calves_slaughter_mountain,forage,ryegrass_hay_fourth,0,,
diet_beef_calves_slaughter_mountain,forage,ryegrass_fresh_second,0,,
diet_beef_calves_slaughter_mountain,milk,cow_breast_milk,100,,
diet_beef_calves_slaughter_galicia,concentrate,barley_2_rows_national_11_3_cp,0,Spain,
diet_beef_calves_slaughter_galicia,concentrate,soybean_meal_44_cp,0,,
diet_beef_calves_slaughter_galicia,concentrate,soybean_meal_47_cp,0,,
diet_beef_calves_slaughter_galicia,concentrate,wheat_soft_national_12_9_cp,0,Spain,
diet_beef_calves_slaughter_galicia,concentrate,corn_national,0,Spain,
diet_beef_calves_slaughter_galicia,concentrate,wheypowder_acid,0,,
diet_beef_calves_slaughter_galicia,concentrate,corn_gluten_feed_19_cp,0,,
diet_beef_calves_slaughter_galicia,concentrate,forage_meal_mix_12_5_cp,0,,
diet_beef_calves_slaughter_galicia,concentrate,sunflower_meal_28_cp,0,,
diet_beef_calves_slaughter_galicia,concentrate,sunflower_meal_expeller_34_cp,0,,
diet_beef_calves_slaughter_galicia,concentrate,soybean_hulls_12_cp,0,,
diet_beef_calves_slaughter_galicia,concentrate,corn_heat_processed_national,0,Spain,
diet_beef_calves_slaughter_galicia,concentrate,molasses_sugarcane,0,,
diet_beef_calves_slaughter_galicia,concentrate,wheat_bran_20_starch,0,,
diet_beef_calves_slaughter_galicia,concentrate,carob_bean,0,,
diet_beef_calves_slaughter_galicia,concentrate,beet_pulp_4_ash,0,,
diet_beef_calves_slaughter_galicia,concentrate,palm_oil,0,,
diet_beef_calves_slaughter_galicia,concentrate,butterfat,0,,
diet_beef_calves_slaughter_galicia,concentrate,mixed_calcium_soaps,0,,
diet_beef_calves_slaughter_galicia,concentrate,calcium_carbonate,0,,
diet_beef_calves_slaughter_galicia,concentrate,field_pea_heat_processed,0,,
diet_beef_calves_slaughter_galicia,concentrate,dicalcium_phosphate_dihydrated,0,,
diet_beef_calves_slaughter_galicia,concentrate,sodium_chloride_mine_92,0,,
diet_beef_calves_slaughter_galicia,concentrate,sodium_bicarbonate,0,,
diet_beef_calves_slaughter_galicia,concentrate,brewery_yeast,0,,
diet_beef_calves_slaughter_galicia,concentrate,sodium_butyrate,0,,
diet_beef_calves_slaughter_galicia,concentrate,mycotoxin_adsorbent,0,,
diet_beef_calves_slaughter_galicia,concentrate,ammonium_chloride,0,,
diet_beef_calves_slaughter_galicia,concentrate,aroma,0,,
diet_beef_calves_slaughter_galicia,concentrate,Vitamin/mineral_supplement,0,,
diet_beef_calves_slaughter_galicia,forage,ryegrass_fresh_third,0,,
diet_beef_calves_slaughter_galicia,forage,vetch_hay_third,0,,
diet_beef_calves_slaughter_galicia,forage,ryegrass_fresh_first,0,,
diet_beef_calves_slaughter_galicia,forage,grass_silage_third,0,,
diet_beef_calves_slaughter_galicia,forage,ryegrass_hay_fourth,0,,
diet_beef_calves_slaughter_galicia,forage,ryegrass_fresh_second,0,,
diet_beef_calves_slaughter_galicia,milk,cow_breast_milk,100,,
diet_beef_calves_replacement_dehesa,concentrate,barley_2_rows_national_11_3_cp,0,Spain,
diet_beef_calves_replacement_dehesa,concentrate,soybean_meal_44_cp,0,,
diet_beef_calves_replacement_dehesa,concentrate,soybean_meal_47_cp,0,,
diet_beef_calves_replacement_dehesa,concentrate,wheat_soft_national_12_9_cp,0,Spain,
diet_beef_calves_replacement_dehesa,concentrate,corn_national,0,Spain,
diet_beef_calves_replacement_dehesa,concentrate,wheypowder_acid,0,,
diet_beef_calves_replacement_dehesa,concentrate,corn_gluten_feed_19_cp,0,,
diet_beef_calves_replacement_dehesa,concentrate,forage_meal_mix_12_5_cp,0,,
diet_beef_calves_replacement_dehesa,concentrate,sunflower_meal_28_cp,0,,
diet_beef_calves_replacement_dehesa,concentrate,sunflower_meal_expeller_34_cp,0,,
diet_beef_calves_replacement_dehesa,concentrate,soybean_hulls_12_cp,0,,
diet_beef_calves_replacement_dehesa,concentrate,corn_heat_processed_national,0,Spain,
diet_beef_calves_replacement_dehesa,concentrate,molasses_sugarcane,0,,
diet_beef_calves_replacement_dehesa,concentrate,wheat_bran_20_starch,0,,
diet_beef_calves_replacement_dehesa,concentrate,carob_bean,0,,
diet_beef_calves_replacement_dehesa,concentrate,beet_pulp_4_ash,0,,
diet_beef_calves_replacement_dehesa,concentrate,palm_oil,0,,
diet_beef_calves_replacement_dehesa,concentrate,butterfat,0,,
diet_beef_calves_replacement_dehesa,concentrate,mixed_calcium_soaps,0,,
diet_beef_calves_replacement_dehesa,concentrate,calcium_carbonate,0,,
diet_beef_calves_replacement_dehesa,concentrate,field_pea_heat_processed,0,,
diet_beef_calves_replacement_dehesa,concentrate,dicalcium_phosphate_dihydrated,0,,
diet_beef_calves_replacement_dehesa,concentrate,sodium_chloride_mine_92,0,,
diet_beef_calves_replacement_dehesa,concentrate,sodium_bicarbonate,0,,
diet_beef_calves_replacement_dehesa,concentrate,brewery_yeast,0,,
diet_beef_calves_replacement_dehesa,concentrate,sodium_butyrate,0,,
diet_beef_calves_replacement_dehesa,concentrate,mycotoxin_adsorbent,0,,
diet_beef_calves_replacement_dehesa,concentrate,ammonium_chloride,0,,
diet_beef_calves_replacement_dehesa,concentrate,aroma,0,,
diet_beef_calves_replacement_dehesa,concentrate,Vitamin/mineral_supplement,0,,
diet_beef_calves_replacement_dehesa,forage,ryegrass_fresh_third,69.6,,
diet_beef_calves_replacement_dehesa,forage,vetch_hay_third,30.4,,
diet_beef_calves_replacement_dehesa,forage,ryegrass_fresh_first,0,,
diet_beef_calves_replacement_dehesa,forage,grass_silage_third,0,,
diet_beef_calves_replacement_dehesa,forage,ryegrass_hay_fourth,0,,
diet_beef_calves_replacement_dehesa,forage,ryegrass_fresh_second,0,,
diet_beef_calves_replacement_dehesa,milk,cow_breast_milk,0,,
diet_beef_calves_replacement_mountain,concentrate,barley_2_rows_national_11_3_cp,0,Spain,
diet_beef_calves_replacement_mountain,concentrate,soybean_meal_44_cp,0,,
diet_beef_calves_replacement_mountain,concentrate,soybean_meal_47_cp,2.39,,
diet_beef_calves_replacement_mountain,concentrate,wheat_soft_national_12_9_cp,0,Spain,
diet_beef_calves_replacement_mountain,concentrate,corn_national,1.5,Spain,
diet_beef_calves_replacement_mountain,concentrate,wheypowder_acid,0,,
diet_beef_calves_replacement_mountain,concentrate,corn_gluten_feed_19_cp,23.72,,
diet_beef_calves_replacement_mountain,concentrate,forage_meal_mix_12_5_cp,14.84,,
diet_beef_calves_replacement_mountain,concentrate,sunflower_meal_28_cp,0,,
diet_beef_calves_replacement_mountain,concentrate,sunflower_meal_expeller_34_cp,10.14,,
diet_beef_calves_replacement_mountain,concentrate,soybean_hulls_12_cp,0,,
diet_beef_calves_replacement_mountain,concentrate,corn_heat_processed_national,0,Spain,
diet_beef_calves_replacement_mountain,concentrate,molasses_sugarcane,0,,
diet_beef_calves_replacement_mountain,concentrate,wheat_bran_20_starch,44.61,,
diet_beef_calves_replacement_mountain,concentrate,carob_bean,0,,
diet_beef_calves_replacement_mountain,concentrate,beet_pulp_4_ash,0,,
diet_beef_calves_replacement_mountain,concentrate,palm_oil,0,,
diet_beef_calves_replacement_mountain,concentrate,butterfat,0,,
diet_beef_calves_replacement_mountain,concentrate,mixed_calcium_soaps,0,,
diet_beef_calves_replacement_mountain,concentrate,calcium_carbonate,2.06,,
diet_beef_calves_replacement_mountain,concentrate,field_pea_heat_processed,0,,
diet_beef_calves_replacement_mountain,concentrate,dicalcium_phosphate_dihydrated,0,,
diet_beef_calves_replacement_mountain,concentrate,sodium_chloride_mine_92,0.52,,
diet_beef_calves_replacement_mountain,concentrate,sodium_bicarbonate,0,,
diet_beef_calves_replacement_mountain,concentrate,brewery_yeast,0,,
diet_beef_calves_replacement_mountain,concentrate,sodium_butyrate,0,,
diet_beef_calves_replacement_mountain,concentrate,mycotoxin_adsorbent,0,,
diet_beef_calves_replacement_mountain,concentrate,ammonium_chloride,0,,
diet_beef_calves_replacement_mountain,concentrate,aroma,0,,
diet_beef_calves_replacement_mountain,concentrate,Vitamin/mineral_supplement,0.22,,
diet_beef_calves_replacement_mountain,forage,ryegrass_fresh_third,0,,
diet_beef_calves_replacement_mountain,forage,vetch_hay_third,0,,
diet_beef_calves_replacement_mountain,forage,ryegrass_fresh_first,59.3,,
diet_beef_calves_replacement_mountain,forage,grass_silage_third,11.4,,
diet_beef_calves_replacement_mountain,forage,ryegrass_hay_fourth,29.3,,
diet_beef_calves_replacement_mountain,forage,ryegrass_fresh_second,0,,
diet_beef_calves_replacement_mountain,milk,cow_breast_milk,0,,
diet_beef_calves_replacement_galicia,concentrate,barley_2_rows_national_11_3_cp,0,Spain,
diet_beef_calves_replacement_galicia,concentrate,soybean_meal_44_cp,0,,
diet_beef_calves_replacement_galicia,concentrate,soybean_meal_47_cp,0,,
diet_beef_calves_replacement_galicia,concentrate,wheat_soft_national_12_9_cp,0,Spain,
diet_beef_calves_replacement_galicia,concentrate,corn_national,0,Spain,
diet_beef_calves_replacement_galicia,concentrate,wheypowder_acid,0,,
diet_beef_calves_replacement_galicia,concentrate,corn_gluten_feed_19_cp,0,,
diet_beef_calves_replacement_galicia,concentrate,forage_meal_mix_12_5_cp,0,,
diet_beef_calves_replacement_galicia,concentrate,sunflower_meal_28_cp,0,,
diet_beef_calves_replacement_galicia,concentrate,sunflower_meal_expeller_34_cp,0,,
diet_beef_calves_replacement_galicia,concentrate,soybean_hulls_12_cp,0,,
diet_beef_calves_replacement_galicia,concentrate,corn_heat_processed_national,0,Spain,
diet_beef_calves_replacement_galicia,concentrate,molasses_sugarcane,0,,
diet_beef_calves_replacement_galicia,concentrate,wheat_bran_20_starch,0,,
diet_beef_calves_replacement_galicia,concentrate,carob_bean,0,,
diet_beef_calves_replacement_galicia,concentrate,beet_pulp_4_ash,0,,
diet_beef_calves_replacement_galicia,concentrate,palm_oil,0,,
diet_beef_calves_replacement_galicia,concentrate,butterfat,0,,
diet_beef_calves_replacement_galicia,concentrate,mixed_calcium_soaps,0,,
diet_beef_calves_replacement_galicia,concentrate,calcium_carbonate,0,,
diet_beef_calves_replacement_galicia,concentrate,field_pea_heat_processed,0,,
diet_beef_calves_replacement_galicia,concentrate,dicalcium_phosphate_dihydrated,0,,
diet_beef_calves_replacement_galicia,concentrate,sodium_chloride_mine_92,0,,
diet_beef_calves_replacement_galicia,concentrate,sodium_bicarbonate,0,,
diet_beef_calves_replacement_galicia,concentrate,brewery_yeast,0,,
diet_beef_calves_replacement_galicia,concentrate,sodium_butyrate,0,,
diet_beef_calves_replacement_galicia,concentrate,mycotoxin_adsorbent,0,,
diet_beef_calves_replacement_galicia,concentrate,ammonium_chloride,0,,
diet_beef_calves_replacement_galicia,concentrate,aroma,0,,
diet_beef_calves_replacement_galicia,concentrate,Vitamin/mineral_supplement,0,,
diet_beef_calves_replacement_galicia,forage,ryegrass_fresh_third,0,,
diet_beef_calves_replacement_galicia,forage,vetch_hay_third,0,,
diet_beef_calves_replacement_galicia,forage,ryegrass_fresh_first,0,,
diet_beef_calves_replacement_galicia,forage,grass_silage_third,0,,
diet_beef_calves_replacement_galicia,forage,ryegrass_hay_fourth,0,,
diet_beef_calves_replacement_galicia,forage,ryegrass_fresh_second,100,,
diet_beef_calves_replacement_galicia,milk,cow_breast_milk,0,,
diet_beef_mature_yearlings_dehesa,concentrate,barley_2_rows_national_11_3_cp,0,Spain,
diet_beef_mature_yearlings_dehesa,concentrate,soybean_meal_44_cp,0,,
diet_beef_mature_yearlings_dehesa,concentrate,soybean_meal_47_cp,0,,
diet_beef_mature_yearlings_dehesa,concentrate,wheat_soft_national_12_9_cp,0,Spain,
diet_beef_mature_yearlings_dehesa,concentrate,corn_national,0,Spain,
diet_beef_mature_yearlings_dehesa,concentrate,wheypowder_acid,0,,
diet_beef_mature_yearlings_dehesa,concentrate,corn_gluten_feed_19_cp,0,,
diet_beef_mature_yearlings_dehesa,concentrate,forage_meal_mix_12_5_cp,0,,
diet_beef_mature_yearlings_dehesa,concentrate,sunflower_meal_28_cp,0,,
diet_beef_mature_yearlings_dehesa,concentrate,sunflower_meal_expeller_34_cp,0,,
diet_beef_mature_yearlings_dehesa,concentrate,soybean_hulls_12_cp,0,,
diet_beef_mature_yearlings_dehesa,concentrate,corn_heat_processed_national,0,Spain,
diet_beef_mature_yearlings_dehesa,concentrate,molasses_sugarcane,0,,
diet_beef_mature_yearlings_dehesa,concentrate,wheat_bran_20_starch,0,,
diet_beef_mature_yearlings_dehesa,concentrate,carob_bean,0,,
diet_beef_mature_yearlings_dehesa,concentrate,beet_pulp_4_ash,0,,
diet_beef_mature_yearlings_dehesa,concentrate,palm_oil,0,,
diet_beef_mature_yearlings_dehesa,concentrate,butterfat,0,,
diet_beef_mature_yearlings_dehesa,concentrate,mixed_calcium_soaps,0,,
diet_beef_mature_yearlings_dehesa,concentrate,calcium_carbonate,0,,
diet_beef_mature_yearlings_dehesa,concentrate,field_pea_heat_processed,0,,
diet_beef_mature_yearlings_dehesa,concentrate,dicalcium_phosphate_dihydrated,0,,
diet_beef_mature_yearlings_dehesa,concentrate,sodium_chloride_mine_92,0,,
diet_beef_mature_yearlings_dehesa,concentrate,sodium_bicarbonate,0,,
diet_beef_mature_yearlings_dehesa,concentrate,brewery_yeast,0,,
diet_beef_mature_yearlings_dehesa,concentrate,sodium_butyrate,0,,
diet_beef_mature_yearlings_dehesa,concentrate,mycotoxin_adsorbent,0,,
diet_beef_mature_yearlings_dehesa,concentrate,ammonium_chloride,0,,
diet_beef_mature_yearlings_dehesa,concentrate,aroma,0,,
diet_beef_mature_yearlings_dehesa,concentrate,Vitamin/mineral_supplement,0,,
diet_beef_mature_yearlings_dehesa,forage,ryegrass_fresh_third,69.6,,
diet_beef_mature_yearlings_dehesa,forage,vetch_hay_third,30.4,,
diet_beef_mature_yearlings_dehesa,forage,ryegrass_fresh_first,0,,
diet_beef_mature_yearlings_dehesa,forage,grass_silage_third,0,,
diet_beef_mature_yearlings_dehesa,forage,ryegrass_hay_fourth,0,,
diet_beef_mature_yearlings_dehesa,forage,ryegrass_fresh_second,0,,
diet_beef_mature_yearlings_dehesa,milk,cow_breast_milk,0,,
diet_beef_mature_yearlings_mountain,concentrate,barley_2_rows_national_11_3_cp,0,Spain,
diet_beef_mature_yearlings_mountain,concentrate,soybean_meal_44_cp,0,,
diet_beef_mature_yearlings_mountain,concentrate,soybean_meal_47_cp,2.39,,
diet_beef_mature_yearlings_mountain,concentrate,wheat_soft_national_12_9_cp,0,Spain,
diet_beef_mature_yearlings_mountain,concentrate,corn_national,1.5,Spain,
diet_beef_mature_yearlings_mountain,concentrate,wheypowder_acid,0,,
diet_beef_mature_yearlings_mountain,concentrate,corn_gluten_feed_19_cp,23.72,,
diet_beef_mature_yearlings_mountain,concentrate,forage_meal_mix_12_5_cp,14.84,,
diet_beef_mature_yearlings_mountain,concentrate,sunflower_meal_28_cp,0,,
diet_beef_mature_yearlings_mountain,concentrate,sunflower_meal_expeller_34_cp,10.14,,
diet_beef_mature_yearlings_mountain,concentrate,soybean_hulls_12_cp,0,,
diet_beef_mature_yearlings_mountain,concentrate,corn_heat_processed_national,0,Spain,
diet_beef_mature_yearlings_mountain,concentrate,molasses_sugarcane,0,,
diet_beef_mature_yearlings_mountain,concentrate,wheat_bran_20_starch,44.61,,
diet_beef_mature_yearlings_mountain,concentrate,carob_bean,0,,
diet_beef_mature_yearlings_mountain,concentrate,beet_pulp_4_ash,0,,
diet_beef_mature_yearlings_mountain,concentrate,palm_oil,0,,
diet_beef_mature_yearlings_mountain,concentrate,butterfat,0,,
diet_beef_mature_yearlings_mountain,concentrate,mixed_calcium_soaps,0,,
diet_beef_mature_yearlings_mountain,concentrate,calcium_carbonate,2.06,,
diet_beef_mature_yearlings_mountain,concentrate,field_pea_heat_processed,0,,
diet_beef_mature_yearlings_mountain,concentrate,dicalcium_phosphate_dihydrated,0,,
diet_beef_mature_yearlings_mountain,concentrate,sodium_chloride_mine_92,0.52,,
diet_beef_mature_yearlings_mountain,concentrate,sodium_bicarbonate,0,,
diet_beef_mature_yearlings_mountain,concentrate,brewery_yeast,0,,
diet_beef_mature_yearlings_mountain,concentrate,sodium_butyrate,0,,
diet_beef_mature_yearlings_mountain,concentrate,mycotoxin_adsorbent,0,,
diet_beef_mature_yearlings_mountain,concentrate,ammonium_chloride,0,,
diet_beef_mature_yearlings_mountain,concentrate,aroma,0,,
diet_beef_mature_yearlings_mountain,concentrate,Vitamin/mineral_supplement,0.22,,
diet_beef_mature_yearlings_mountain,forage,ryegrass_fresh_third,0,,
diet_beef_mature_yearlings_mountain,forage,vetch_hay_third,0,,
diet_beef_mature_yearlings_mountain,forage,ryegrass_fresh_first,59.3,,
diet_beef_mature_yearlings_mountain,forage,grass_silage_third,11.4,,
diet_beef_mature_yearlings_mountain,forage,ryegrass_hay_fourth,29.3,,
diet_beef_mature_yearlings_mountain,forage,ryegrass_fresh_second,0,,
diet_beef_mature_yearlings_mountain,milk,cow_breast_milk,0,,
diet_beef_mature_yearlings_galicia,concentrate,barley_2_rows_national_11_3_cp,0,Spain,
diet_beef_mature_yearlings_galicia,concentrate,soybean_meal_44_cp,0,,
diet_beef_mature_yearlings_galicia,concentrate,soybean_meal_47_cp,0,,
diet_beef_mature_yearlings_galicia,concentrate,wheat_soft_national_12_9_cp,0,Spain,
diet_beef_mature_yearlings_galicia,concentrate,corn_national,0,Spain,
diet_beef_mature_yearlings_galicia,concentrate,wheypowder_acid,0,,
diet_beef_mature_yearlings_galicia,concentrate,corn_gluten_feed_19_cp,0,,
diet_beef_mature_yearlings_galicia,concentrate,forage_meal_mix_12_5_cp,0,,
diet_beef_mature_yearlings_galicia,concentrate,sunflower_meal_28_cp,0,,
diet_beef_mature_yearlings_galicia,concentrate,sunflower_meal_expeller_34_cp,0,,
diet_beef_mature_yearlings_galicia,concentrate,soybean_hulls_12_cp,0,,
diet_beef_mature_yearlings_galicia,concentrate,corn_heat_processed_national,0,Spain,
diet_beef_mature_yearlings_galicia,concentrate,molasses_sugarcane,0,,
diet_beef_mature_yearlings_galicia,concentrate,wheat_bran_20_starch,0,,
diet_beef_mature_yearlings_galicia,concentrate,carob_bean,0,,
diet_beef_mature_yearlings_galicia,concentrate,beet_pulp_4_ash,0,,
diet_beef_mature_yearlings_galicia,concentrate,palm_oil,0,,
diet_beef_mature_yearlings_galicia,concentrate,butterfat,0,,
diet_beef_mature_yearlings_galicia,concentrate,mixed_calcium_soaps,0,,
diet_beef_mature_yearlings_galicia,concentrate,calcium_carbonate,0,,
diet_beef_mature_yearlings_galicia,concentrate,field_pea_heat_processed,0,,
diet_beef_mature_yearlings_galicia,concentrate,dicalcium_phosphate_dihydrated,0,,
diet_beef_mature_yearlings_galicia,concentrate,sodium_chloride_mine_92,0,,
diet_beef_mature_yearlings_galicia,concentrate,sodium_bicarbonate,0,,
diet_beef_mature_yearlings_galicia,concentrate,brewery_yeast,0,,
diet_beef_mature_yearlings_galicia,concentrate,sodium_butyrate,0,,
diet_beef_mature_yearlings_galicia,concentrate,mycotoxin_adsorbent,0,,
diet_beef_mature_yearlings_galicia,concentrate,ammonium_chloride,0,,
diet_beef_mature_yearlings_galicia,concentrate,aroma,0,,
diet_beef_mature_yearlings_galicia,concentrate,Vitamin/mineral_supplement,0,,
diet_beef_mature_yearlings_galicia,forage,ryegrass_fresh_third,0,,
diet_beef_mature_yearlings_galicia,forage,vetch_hay_third,0,,
diet_beef_mature_yearlings_galicia,forage,ryegrass_fresh_first,0,,
diet_beef_mature_yearlings_galicia,forage,grass_silage_third,0,,
diet_beef_mature_yearlings_galicia,forage,ryegrass_hay_fourth,0,,
diet_beef_mature_yearlings_galicia,forage,ryegrass_fresh_second,100,,
diet_beef_mature_yearlings_galicia,milk,cow_breast_milk,0,,
diet_feedlot_calves,concentrate,corn_national,32.35,Spain,
diet_feedlot_calves,concentrate,barley_2_rows_national_11_3_cp,24.52,Spain,
diet_feedlot_calves,concentrate,soybean_meal_44_cp,6.56,,
diet_feedlot_calves,concentrate,sunflower_meal_28_cp,0,,
diet_feedlot_calves,concentrate,rapeseed_meal_00_33_cp,6.53,,
diet_feedlot_calves,concentrate,corn_ddgs_12_5_ee_3_5_starch,6.07,,
diet_feedlot_calves,concentrate,corn_gluten_feed_19_cp,9.05,,
diet_feedlot_calves,concentrate,wheat_bran_20_starch,0.93,,
diet_feedlot_calves,concentrate,wheat_middlings_25_starch,0,,
diet_feedlot_calves,concentrate,soybean_hulls_12_cp,8.14,,
diet_feedlot_calves,concentrate,carob_bean,0,,
diet_feedlot_calves,concentrate,molasses_sugarcane,0.24,,
diet_feedlot_calves,concentrate,beet_pulp_4_ash,0,,
diet_feedlot_calves,concentrate,wheypowder_sweet_cattle,1.01,,
diet_feedlot_calves,concentrate,soybean_oil,0,,
diet_feedlot_calves,concentrate,palm_oil,1.58,,
diet_feedlot_calves,concentrate,butterfat,0,,
diet_feedlot_calves,concentrate,urea,0,,
diet_feedlot_calves,concentrate,sodium_chloride_mine_92,0.43,,
diet_feedlot_calves,concentrate,sodium_bicarbonate,0.45,,
diet_feedlot_calves,concentrate,calcium_carbonate,1.66,,
diet_feedlot_calves,concentrate,Vitamin/mineral_supplement,0.46,,
diet_feedlot_calves,concentrate,meat_meal_52_14_25,0,,
diet_feedlot_calves,forage,straw_cereals_wheat_and_barley,81.19,,
diet_feedlot_calves,forage,ryegrass_hay_second,18.81,,
diet_feedlot_calves,milk_replacer,milk_replacer,100,,
diet_kid_goat_male_dairy_replacement_stall,concentrate,skimmed_milk,1.31,,
diet_kid_goat_male_dairy_replacement_stall,concentrate,Vitamin/mineral_supplement,2.8,,
diet_kid_goat_male_dairy_replacement_stall,concentrate,molasses_beet,0,,
diet_kid_goat_male_dairy_replacement_stall,concentrate,lupin_australian,0,,
diet_kid_goat_male_dairy_replacement_stall,concentrate,soybean_hulls_12_cp,4.53,,
diet_kid_goat_male_dairy_replacement_stall,concentrate,palm_oil,1.12,,
diet_kid_goat_male_dairy_replacement_stall,concentrate,corn_gluten_feed_20_5_cp,0,,
diet_kid_goat_male_dairy_replacement_stall,concentrate,sunflower_seed,4.26,,
diet_kid_goat_male_dairy_replacement_stall,concentrate,wheat_bran_20_starch,6.17,,
diet_kid_goat_male_dairy_replacement_stall,concentrate,soybean_meal_47_cp,13.19,,
diet_kid_goat_male_dairy_replacement_stall,concentrate,wheat_soft_national_12_9_cp,21.55,Spain,
diet_kid_goat_male_dairy_replacement_stall,concentrate,barley_2_rows_national_11_3_cp,22.12,Spain,
diet_kid_goat_male_dairy_replacement_stall,concentrate,oats,0,,
diet_kid_goat_male_dairy_replacement_stall,concentrate,corn_national,17.84,Spain,
diet_kid_goat_male_dairy_replacement_stall,concentrate,beet_pulp_4_ash,2.51,,
diet_kid_goat_male_dairy_replacement_stall,concentrate,horse_bean_white_flower_variety,0,,
diet_kid_goat_male_dairy_replacement_stall,concentrate,cotton_seed_whole,0,,
diet_kid_goat_male_dairy_replacement_stall,concentrate,barley_ddgs,2.6,,
diet_kid_goat_male_dairy_replacement_stall,forage,straw_cereals_wheat_and_barley,12.21,,
diet_kid_goat_male_dairy_replacement_stall,forage,ryegrass_fresh_second,0,,
diet_kid_goat_male_dairy_replacement_stall,forage,ryegrass_fresh_third,0,,
diet_kid_goat_male_dairy_replacement_stall,forage,ryegrass_fresh_fourth,0,,
diet_kid_goat_male_dairy_replacement_stall,forage,ryegrass_hay_third,87.79,,
diet_kid_goat_male_dairy_replacement_stall,forage,alfalfa_hay_first,0,,
diet_kid_goat_male_dairy_replacement_stall,milk,goat_breast_milk,100,,
diet_kid_goat_male_dairy_replacement_pasture,concentrate,skimmed_milk,1.05,,
diet_kid_goat_male_dairy_replacement_pasture,concentrate,Vitamin/mineral_supplement,2.79,,
diet_kid_goat_male_dairy_replacement_pasture,concentrate,molasses_beet,0,,
diet_kid_goat_male_dairy_replacement_pasture,concentrate,lupin_australian,0,,
diet_kid_goat_male_dairy_replacement_pasture,concentrate,soybean_hulls_12_cp,5.42,,
diet_kid_goat_male_dairy_replacement_pasture,concentrate,palm_oil,1.12,,
diet_kid_goat_male_dairy_replacement_pasture,concentrate,corn_gluten_feed_20_5_cp,0,,
diet_kid_goat_male_dairy_replacement_pasture,concentrate,sunflower_seed,5.09,,
diet_kid_goat_male_dairy_replacement_pasture,concentrate,wheat_bran_20_starch,6.9,,
diet_kid_goat_male_dairy_replacement_pasture,concentrate,soybean_meal_47_cp,11.51,,
diet_kid_goat_male_dairy_replacement_pasture,concentrate,wheat_soft_national_12_9_cp,21.24,Spain,
diet_kid_goat_male_dairy_replacement_pasture,concentrate,barley_2_rows_national_11_3_cp,22.1,Spain,
diet_kid_goat_male_dairy_replacement_pasture,concentrate,oats,0,,
diet_kid_goat_male_dairy_replacement_pasture,concentrate,corn_national,17.15,Spain,
diet_kid_goat_male_dairy_replacement_pasture,concentrate,beet_pulp_4_ash,2.51,,
diet_kid_goat_male_dairy_replacement_pasture,concentrate,horse_bean_white_flower_variety,0,,
diet_kid_goat_male_dairy_replacement_pasture,concentrate,cotton_seed_whole,0,,
diet_kid_goat_male_dairy_replacement_pasture,concentrate,barley_ddgs,3.11,,
diet_kid_goat_male_dairy_replacement_pasture,forage,straw_cereals_wheat_and_barley,0,,
diet_kid_goat_male_dairy_replacement_pasture,forage,ryegrass_fresh_second,0,,
diet_kid_goat_male_dairy_replacement_pasture,forage,ryegrass_fresh_third,100,,
diet_kid_goat_male_dairy_replacement_pasture,forage,ryegrass_fresh_fourth,0,,
diet_kid_goat_male_dairy_replacement_pasture,forage,ryegrass_hay_third,0,,
diet_kid_goat_male_dairy_replacement_pasture,forage,alfalfa_hay_first,0,,
diet_kid_goat_male_dairy_replacement_pasture,milk,goat_breast_milk,100,,
diet_kid_goat_male_meat_replacement_stall,concentrate,skimmed_milk,0.87,,
diet_kid_goat_male_meat_replacement_stall,concentrate,Vitamin/mineral_supplement,2.79,,
diet_kid_goat_male_meat_replacement_stall,concentrate,molasses_beet,0,,
diet_kid_goat_male_meat_replacement_stall,concentrate,lupin_australian,0,,
diet_kid_goat_male_meat_replacement_stall,concentrate,soybean_hulls_12_cp,6.01,,
diet_kid_goat_male_meat_replacement_stall,concentrate,palm_oil,1.12,,
diet_kid_goat_male_meat_replacement_stall,concentrate,corn_gluten_feed_20_5_cp,0,,
diet_kid_goat_male_meat_replacement_stall,concentrate,sunflower_seed,5.65,,
diet_kid_goat_male_meat_replacement_stall,concentrate,wheat_bran_20_starch,7.38,,
diet_kid_goat_male_meat_replacement_stall,concentrate,soybean_meal_47_cp,10.4,,
diet_kid_goat_male_meat_replacement_stall,concentrate,wheat_soft_national_12_9_cp,21.03,Spain,
diet_kid_goat_male_meat_replacement_stall,concentrate,barley_2_rows_national_11_3_cp,22.09,Spain,
diet_kid_goat_male_meat_replacement_stall,concentrate,oats,0,,
diet_kid_goat_male_meat_replacement_stall,concentrate,corn_national,16.69,Spain,
diet_kid_goat_male_meat_replacement_stall,concentrate,beet_pulp_4_ash,2.51,,
diet_kid_goat_male_meat_replacement_stall,concentrate,horse_bean_white_flower_variety,0,,
diet_kid_goat_male_meat_replacement_stall,concentrate,cotton_seed_whole,0,,
diet_kid_goat_male_meat_replacement_stall,concentrate,barley_ddgs,3.45,,
diet_kid_goat_male_meat_replacement_stall,forage,straw_cereals_wheat_and_barley,6.48,,
diet_kid_goat_male_meat_replacement_stall,forage,ryegrass_fresh_second,0,,
diet_kid_goat_male_meat_replacement_stall,forage,ryegrass_fresh_third,0,,
diet_kid_goat_male_meat_replacement_stall,forage,ryegrass_fresh_fourth,0,,
diet_kid_goat_male_meat_replacement_stall,forage,ryegrass_hay_third,93.52,,
diet_kid_goat_male_meat_replacement_stall,forage,alfalfa_hay_first,0,,
diet_kid_goat_male_meat_replacement_stall,milk,goat_breast_milk,100,,
diet_kid_goat_male_meat_replacement_pasture,concentrate,skimmed_milk,0.87,,
diet_kid_goat_male_meat_replacement_pasture,concentrate,Vitamin/mineral_supplement,2.79,,
diet_kid_goat_male_meat_replacement_pasture,concentrate,molasses_beet,0,,
diet_kid_goat_male_meat_replacement_pasture,concentrate,lupin_australian,0,,
diet_kid_goat_male_meat_replacement_pasture,concentrate,soybean_hulls_12_cp,6.01,,
diet_kid_goat_male_meat_replacement_pasture,concentrate,palm_oil,1.12,,
diet_kid_goat_male_meat_replacement_pasture,concentrate,corn_gluten_feed_20_5_cp,0,,
diet_kid_goat_male_meat_replacement_pasture,concentrate,sunflower_seed,5.65,,
diet_kid_goat_male_meat_replacement_pasture,concentrate,wheat_bran_20_starch,7.38,,
diet_kid_goat_male_meat_replacement_pasture,concentrate,soybean_meal_47_cp,10.4,,
diet_kid_goat_male_meat_replacement_pasture,concentrate,wheat_soft_national_12_9_cp,21.03,Spain,
diet_kid_goat_male_meat_replacement_pasture,concentrate,barley_2_rows_national_11_3_cp,22.09,Spain,
diet_kid_goat_male_meat_replacement_pasture,concentrate,oats,0,,
diet_kid_goat_male_meat_replacement_pasture,concentrate,corn_national,16.69,Spain,
diet_kid_goat_male_meat_replacement_pasture,concentrate,beet_pulp_4_ash,2.51,,
diet_kid_goat_male_meat_replacement_pasture,concentrate,horse_bean_white_flower_variety,0,,
diet_kid_goat_male_meat_replacement_pasture,concentrate,cotton_seed_whole,0,,
diet_kid_goat_male_meat_replacement_pasture,concentrate,barley_ddgs,3.45,,
diet_kid_goat_male_meat_replacement_pasture,forage,straw_cereals_wheat_and_barley,0,,
diet_kid_goat_male_meat_replacement_pasture,forage,ryegrass_fresh_second,0,,
diet_kid_goat_male_meat_replacement_pasture,forage,ryegrass_fresh_third,58.45,,
diet_kid_goat_male_meat_replacement_pasture,forage,ryegrass_fresh_fourth,41.55,,
diet_kid_goat_male_meat_replacement_pasture,forage,ryegrass_hay_third,0,,
diet_kid_goat_male_meat_replacement_pasture,forage,alfalfa_hay_first,0,,
diet_kid_goat_male_meat_replacement_pasture,milk,goat_breast_milk,100,,
diet_mature_goat_male_dairy_stall,concentrate,skimmed_milk,0,,
diet_mature_goat_male_dairy_stall,concentrate,Vitamin/mineral_supplement,2.8,,
diet_mature_goat_male_dairy_stall,concentrate,molasses_beet,0,,
diet_mature_goat_male_dairy_stall,concentrate,lupin_australian,0,,
diet_mature_goat_male_dairy_stall,concentrate,soybean_hulls_12_cp,5.98,,
diet_mature_goat_male_dairy_stall,concentrate,palm_oil,1.12,,
diet_mature_goat_male_dairy_stall,concentrate,corn_gluten_feed_20_5_cp,0,,
diet_mature_goat_male_dairy_stall,concentrate,sunflower_seed,5.27,,
diet_mature_goat_male_dairy_stall,concentrate,wheat_bran_20_starch,19.65,,
diet_mature_goat_male_dairy_stall,concentrate,soybean_meal_47_cp,7.89,,
diet_mature_goat_male_dairy_stall,concentrate,wheat_soft_national_12_9_cp,15.07,Spain,
diet_mature_goat_male_dairy_stall,concentrate,barley_2_rows_national_11_3_cp,25.18,Spain,
diet_mature_goat_male_dairy_stall,concentrate,oats,0,,
diet_mature_goat_male_dairy_stall,concentrate,corn_national,14.52,Spain,
diet_mature_goat_male_dairy_stall,concentrate,beet_pulp_4_ash,2.52,,
diet_mature_goat_male_dairy_stall,concentrate,horse_bean_white_flower_variety,0,,
diet_mature_goat_male_dairy_stall,concentrate,cotton_seed_whole,0,,
diet_mature_goat_male_dairy_stall,concentrate,barley_ddgs,0,,
diet_mature_goat_male_dairy_stall,forage,straw_cereals_wheat_and_barley,0,,
diet_mature_goat_male_dairy_stall,forage,ryegrass_fresh_second,0,,
diet_mature_goat_male_dairy_stall,forage,ryegrass_fresh_third,0,,
diet_mature_goat_male_dairy_stall,forage,ryegrass_fresh_fourth,0,,
diet_mature_goat_male_dairy_stall,forage,ryegrass_hay_third,100,,
diet_mature_goat_male_dairy_stall,forage,alfalfa_hay_first,0,,
diet_mature_goat_male_dairy_stall,milk,goat_breast_milk,0,,
diet_mature_goat_male_dairy_pasture,concentrate,skimmed_milk,0,,
diet_mature_goat_male_dairy_pasture,concentrate,Vitamin/mineral_supplement,2.8,,
diet_mature_goat_male_dairy_pasture,concentrate,molasses_beet,0,,
diet_mature_goat_male_dairy_pasture,concentrate,lupin_australian,0,,
diet_mature_goat_male_dairy_pasture,concentrate,soybean_hulls_12_cp,5.98,,
diet_mature_goat_male_dairy_pasture,concentrate,palm_oil,1.12,,
diet_mature_goat_male_dairy_pasture,concentrate,corn_gluten_feed_20_5_cp,0,,
diet_mature_goat_male_dairy_pasture,concentrate,sunflower_seed,5.27,,
diet_mature_goat_male_dairy_pasture,concentrate,wheat_bran_20_starch,19.65,,
diet_mature_goat_male_dairy_pasture,concentrate,soybean_meal_47_cp,7.89,,
diet_mature_goat_male_dairy_pasture,concentrate,wheat_soft_national_12_9_cp,15.07,Spain,
diet_mature_goat_male_dairy_pasture,concentrate,barley_2_rows_national_11_3_cp,25.18,Spain,
diet_mature_goat_male_dairy_pasture,concentrate,oats,0,,
diet_mature_goat_male_dairy_pasture,concentrate,corn_national,14.52,Spain,
diet_mature_goat_male_dairy_pasture,concentrate,beet_pulp_4_ash,2.52,,
diet_mature_goat_male_dairy_pasture,concentrate,horse_bean_white_flower_variety,0,,
diet_mature_goat_male_dairy_pasture,concentrate,cotton_seed_whole,0,,
diet_mature_goat_male_dairy_pasture,concentrate,barley_ddgs,0,,
diet_mature_goat_male_dairy_pasture,forage,straw_cereals_wheat_and_barley,0,,
diet_mature_goat_male_dairy_pasture,forage,ryegrass_fresh_second,0,,
diet_mature_goat_male_dairy_pasture,forage,ryegrass_fresh_third,69.74,,
diet_mature_goat_male_dairy_pasture,forage,ryegrass_fresh_fourth,25,,
diet_mature_goat_male_dairy_pasture,forage,ryegrass_hay_third,0,,
diet_mature_goat_male_dairy_pasture,forage,alfalfa_hay_first,5.26,,
diet_mature_goat_male_dairy_pasture,milk,goat_breast_milk,0,,
diet_mature_goat_male_meat_stall,concentrate,skimmed_milk,0,,
diet_mature_goat_male_meat_stall,concentrate,Vitamin/mineral_supplement,2.8,,
diet_mature_goat_male_meat_stall,concentrate,molasses_beet,0,,
diet_mature_goat_male_meat_stall,concentrate,lupin_australian,0,,
diet_mature_goat_male_meat_stall,concentrate,soybean_hulls_12_cp,5.98,,
diet_mature_goat_male_meat_stall,concentrate,palm_oil,1.12,,
diet_mature_goat_male_meat_stall,concentrate,corn_gluten_feed_20_5_cp,0,,
diet_mature_goat_male_meat_stall,concentrate,sunflower_seed,5.27,,
diet_mature_goat_male_meat_stall,concentrate,wheat_bran_20_starch,19.65,,
diet_mature_goat_male_meat_stall,concentrate,soybean_meal_47_cp,7.89,,
diet_mature_goat_male_meat_stall,concentrate,wheat_soft_national_12_9_cp,15.07,Spain,
diet_mature_goat_male_meat_stall,concentrate,barley_2_rows_national_11_3_cp,25.18,Spain,
diet_mature_goat_male_meat_stall,concentrate,oats,0,,
diet_mature_goat_male_meat_stall,concentrate,corn_national,14.52,Spain,
diet_mature_goat_male_meat_stall,concentrate,beet_pulp_4_ash,2.52,,
diet_mature_goat_male_meat_stall,concentrate,horse_bean_white_flower_variety,0,,
diet_mature_goat_male_meat_stall,concentrate,cotton_seed_whole,0,,
diet_mature_goat_male_meat_stall,concentrate,barley_ddgs,0,,
diet_mature_goat_male_meat_stall,forage,straw_cereals_wheat_and_barley,0,,
diet_mature_goat_male_meat_stall,forage,ryegrass_fresh_second,0,,
diet_mature_goat_male_meat_stall,forage,ryegrass_fresh_third,0,,
diet_mature_goat_male_meat_stall,forage,ryegrass_fresh_fourth,0,,
diet_mature_goat_male_meat_stall,forage,ryegrass_hay_third,100,,
diet_mature_goat_male_meat_stall,forage,alfalfa_hay_first,0,,
diet_mature_goat_male_meat_stall,milk,goat_breast_milk,0,,
diet_mature_goat_male_meat_pasture,concentrate,skimmed_milk,0,,
diet_mature_goat_male_meat_pasture,concentrate,Vitamin/mineral_supplement,2.8,,
diet_mature_goat_male_meat_pasture,concentrate,molasses_beet,0,,
diet_mature_goat_male_meat_pasture,concentrate,lupin_australian,0,,
diet_mature_goat_male_meat_pasture,concentrate,soybean_hulls_12_cp,5.98,,
diet_mature_goat_male_meat_pasture,concentrate,palm_oil,1.12,,
diet_mature_goat_male_meat_pasture,concentrate,corn_gluten_feed_20_5_cp,0,,
diet_mature_goat_male_meat_pasture,concentrate,sunflower_seed,5.27,,
diet_mature_goat_male_meat_pasture,concentrate,wheat_bran_20_starch,19.65,,
diet_mature_goat_male_meat_pasture,concentrate,soybean_meal_47_cp,7.89,,
diet_mature_goat_male_meat_pasture,concentrate,wheat_soft_national_12_9_cp,15.07,Spain,
diet_mature_goat_male_meat_pasture,concentrate,barley_2_rows_national_11_3_cp,25.18,Spain,
diet_mature_goat_male_meat_pasture,concentrate,oats,0,,
diet_mature_goat_male_meat_pasture,concentrate,corn_national,14.52,Spain,
diet_mature_goat_male_meat_pasture,concentrate,beet_pulp_4_ash,2.52,,
diet_mature_goat_male_meat_pasture,concentrate,horse_bean_white_flower_variety,0,,
diet_mature_goat_male_meat_pasture,concentrate,cotton_seed_whole,0,,
diet_mature_goat_male_meat_pasture,concentrate,barley_ddgs,0,,
diet_mature_goat_male_meat_pasture,forage,straw_cereals_wheat_and_barley,0,,
diet_mature_goat_male_meat_pasture,forage,ryegrass_fresh_second,0,,
diet_mature_goat_male_meat_pasture,forage,ryegrass_fresh_third,69.74,,
diet_mature_goat_male_meat_pasture,forage,ryegrass_fresh_fourth,25,,
diet_mature_goat_male_meat_pasture,forage,ryegrass_hay_third,0,,
diet_mature_goat_male_meat_pasture,forage,alfalfa_hay_first,5.26,,
diet_mature_goat_male_meat_pasture,milk,goat_breast_milk,0,,
diet_kid_goat_female_dairy_replacement_stall,concentrate,skimmed_milk,1.31,,
diet_kid_goat_female_dairy_replacement_stall,concentrate,Vitamin/mineral_supplement,2.8,,
diet_kid_goat_female_dairy_replacement_stall,concentrate,molasses_beet,0,,
diet_kid_goat_female_dairy_replacement_stall,concentrate,lupin_australian,0,,
diet_kid_goat_female_dairy_replacement_stall,concentrate,soybean_hulls_12_cp,4.53,,
diet_kid_goat_female_dairy_replacement_stall,concentrate,palm_oil,1.12,,
diet_kid_goat_female_dairy_replacement_stall,concentrate,corn_gluten_feed_20_5_cp,0,,
diet_kid_goat_female_dairy_replacement_stall,concentrate,sunflower_seed,4.26,,
diet_kid_goat_female_dairy_replacement_stall,concentrate,wheat_bran_20_starch,6.17,,
diet_kid_goat_female_dairy_replacement_stall,concentrate,soybean_meal_47_cp,13.19,,
diet_kid_goat_female_dairy_replacement_stall,concentrate,wheat_soft_national_12_9_cp,21.55,Spain,
diet_kid_goat_female_dairy_replacement_stall,concentrate,barley_2_rows_national_11_3_cp,22.12,Spain,
diet_kid_goat_female_dairy_replacement_stall,concentrate,oats,0,,
diet_kid_goat_female_dairy_replacement_stall,concentrate,corn_national,17.84,Spain,
diet_kid_goat_female_dairy_replacement_stall,concentrate,beet_pulp_4_ash,2.51,,
diet_kid_goat_female_dairy_replacement_stall,concentrate,horse_bean_white_flower_variety,0,,
diet_kid_goat_female_dairy_replacement_stall,concentrate,cotton_seed_whole,0,,
diet_kid_goat_female_dairy_replacement_stall,concentrate,barley_ddgs,2.6,,
diet_kid_goat_female_dairy_replacement_stall,forage,straw_cereals_wheat_and_barley,12.21,,
diet_kid_goat_female_dairy_replacement_stall,forage,ryegrass_fresh_second,0,,
diet_kid_goat_female_dairy_replacement_stall,forage,ryegrass_fresh_third,0,,
diet_kid_goat_female_dairy_replacement_stall,forage,ryegrass_fresh_fourth,0,,
diet_kid_goat_female_dairy_replacement_stall,forage,ryegrass_hay_third,48.77,,
diet_kid_goat_female_dairy_replacement_stall,forage,alfalfa_hay_first,39.02,,
diet_kid_goat_female_dairy_replacement_stall,milk,goat_breast_milk,100,,
diet_kid_goat_female_dairy_replacement_pasture,concentrate,skimmed_milk,1.05,,
diet_kid_goat_female_dairy_replacement_pasture,concentrate,Vitamin/mineral_supplement,2.79,,
diet_kid_goat_female_dairy_replacement_pasture,concentrate,molasses_beet,0,,
diet_kid_goat_female_dairy_replacement_pasture,concentrate,lupin_australian,0,,
diet_kid_goat_female_dairy_replacement_pasture,concentrate,soybean_hulls_12_cp,5.42,,
diet_kid_goat_female_dairy_replacement_pasture,concentrate,palm_oil,1.12,,
diet_kid_goat_female_dairy_replacement_pasture,concentrate,corn_gluten_feed_20_5_cp,0,,
diet_kid_goat_female_dairy_replacement_pasture,concentrate,sunflower_seed,5.09,,
diet_kid_goat_female_dairy_replacement_pasture,concentrate,wheat_bran_20_starch,6.9,,
diet_kid_goat_female_dairy_replacement_pasture,concentrate,soybean_meal_47_cp,11.51,,
diet_kid_goat_female_dairy_replacement_pasture,concentrate,wheat_soft_national_12_9_cp,21.24,Spain,
diet_kid_goat_female_dairy_replacement_pasture,concentrate,barley_2_rows_national_11_3_cp,22.1,Spain,
diet_kid_goat_female_dairy_replacement_pasture,concentrate,oats,0,,
diet_kid_goat_female_dairy_replacement_pasture,concentrate,corn_national,17.15,Spain,
diet_kid_goat_female_dairy_replacement_pasture,concentrate,beet_pulp_4_ash,2.51,,
diet_kid_goat_female_dairy_replacement_pasture,concentrate,horse_bean_white_flower_variety,0,,
diet_kid_goat_female_dairy_replacement_pasture,concentrate,cotton_seed_whole,0,,
diet_kid_goat_female_dairy_replacement_pasture,concentrate,barley_ddgs,3.11,,
diet_kid_goat_female_dairy_replacement_pasture,forage,straw_cereals_wheat_and_barley,30.3,,
diet_kid_goat_female_dairy_replacement_pasture,forage,ryegrass_fresh_second,24.24,,
diet_kid_goat_female_dairy_replacement_pasture,forage,ryegrass_fresh_third,15.15,,
diet_kid_goat_female_dairy_replacement_pasture,forage,ryegrass_fresh_fourth,30.3,,
diet_kid_goat_female_dairy_replacement_pasture,forage,ryegrass_hay_third,0,,
diet_kid_goat_female_dairy_replacement_pasture,forage,alfalfa_hay_first,0,,
diet_kid_goat_female_dairy_replacement_pasture,milk,goat_breast_milk,100,,
diet_kid_goat_female_meat_replacement_stall,concentrate,skimmed_milk,0.87,,
diet_kid_goat_female_meat_replacement_stall,concentrate,Vitamin/mineral_supplement,2.79,,
diet_kid_goat_female_meat_replacement_stall,concentrate,molasses_beet,0,,
diet_kid_goat_female_meat_replacement_stall,concentrate,lupin_australian,0,,
diet_kid_goat_female_meat_replacement_stall,concentrate,soybean_hulls_12_cp,6.01,,
diet_kid_goat_female_meat_replacement_stall,concentrate,palm_oil,1.12,,
diet_kid_goat_female_meat_replacement_stall,concentrate,corn_gluten_feed_20_5_cp,0,,
diet_kid_goat_female_meat_replacement_stall,concentrate,sunflower_seed,5.65,,
diet_kid_goat_female_meat_replacement_stall,concentrate,wheat_bran_20_starch,7.38,,
diet_kid_goat_female_meat_replacement_stall,concentrate,soybean_meal_47_cp,10.4,,
diet_kid_goat_female_meat_replacement_stall,concentrate,wheat_soft_national_12_9_cp,21.03,Spain,
diet_kid_goat_female_meat_replacement_stall,concentrate,barley_2_rows_national_11_3_cp,22.09,Spain,
diet_kid_goat_female_meat_replacement_stall,concentrate,oats,0,,
diet_kid_goat_female_meat_replacement_stall,concentrate,corn_national,16.69,Spain,
diet_kid_goat_female_meat_replacement_stall,concentrate,beet_pulp_4_ash,2.51,,
diet_kid_goat_female_meat_replacement_stall,concentrate,horse_bean_white_flower_variety,0,,
diet_kid_goat_female_meat_replacement_stall,concentrate,cotton_seed_whole,0,,
diet_kid_goat_female_meat_replacement_stall,concentrate,barley_ddgs,3.45,,
diet_kid_goat_female_meat_replacement_stall,forage,straw_cereals_wheat_and_barley,6.48,,
diet_kid_goat_female_meat_replacement_stall,forage,ryegrass_fresh_second,0,,
diet_kid_goat_female_meat_replacement_stall,forage,ryegrass_fresh_third,0,,
diet_kid_goat_female_meat_replacement_stall,forage,ryegrass_fresh_fourth,0,,
diet_kid_goat_female_meat_replacement_stall,forage,ryegrass_hay_third,93.52,,
diet_kid_goat_female_meat_replacement_stall,forage,alfalfa_hay_first,0,,
diet_kid_goat_female_meat_replacement_stall,milk,goat_breast_milk,100,,
diet_kid_goat_female_meat_replacement_pasture,concentrate,skimmed_milk,0.87,,
diet_kid_goat_female_meat_replacement_pasture,concentrate,Vitamin/mineral_supplement,2.79,,
diet_kid_goat_female_meat_replacement_pasture,concentrate,molasses_beet,0,,
diet_kid_goat_female_meat_replacement_pasture,concentrate,lupin_australian,0,,
diet_kid_goat_female_meat_replacement_pasture,concentrate,soybean_hulls_12_cp,6.01,,
diet_kid_goat_female_meat_replacement_pasture,concentrate,palm_oil,1.12,,
diet_kid_goat_female_meat_replacement_pasture,concentrate,corn_gluten_feed_20_5_cp,0,,
diet_kid_goat_female_meat_replacement_pasture,concentrate,sunflower_seed,5.65,,
diet_kid_goat_female_meat_replacement_pasture,concentrate,wheat_bran_20_starch,7.38,,
diet_kid_goat_female_meat_replacement_pasture,concentrate,soybean_meal_47_cp,10.4,,
diet_kid_goat_female_meat_replacement_pasture,concentrate,wheat_soft_national_12_9_cp,21.03,Spain,
diet_kid_goat_female_meat_replacement_pasture,concentrate,barley_2_rows_national_11_3_cp,22.09,Spain,
diet_kid_goat_female_meat_replacement_pasture,concentrate,oats,0,,
diet_kid_goat_female_meat_replacement_pasture,concentrate,corn_national,16.69,Spain,
diet_kid_goat_female_meat_replacement_pasture,concentrate,beet_pulp_4_ash,2.51,,
diet_kid_goat_female_meat_replacement_pasture,concentrate,horse_bean_white_flower_variety,0,,
diet_kid_goat_female_meat_replacement_pasture,concentrate,cotton_seed_whole,0,,
diet_kid_goat_female_meat_replacement_pasture,concentrate,barley_ddgs,3.45,,
diet_kid_goat_female_meat_replacement_pasture,forage,straw_cereals_wheat_and_barley,31.17,,
diet_kid_goat_female_meat_replacement_pasture,forage,ryegrass_fresh_second,0,,
diet_kid_goat_female_meat_replacement_pasture,forage,ryegrass_fresh_third,42.86,,
diet_kid_goat_female_meat_replacement_pasture,forage,ryegrass_fresh_fourth,25.97,,
diet_kid_goat_female_meat_replacement_pasture,forage,ryegrass_hay_third,0,,
diet_kid_goat_female_meat_replacement_pasture,forage,alfalfa_hay_first,0,,
diet_kid_goat_female_meat_replacement_pasture,milk,goat_breast_milk,100,,
diet_mature_goat_female_dairy_stall,concentrate,skimmed_milk,0,,
diet_mature_goat_female_dairy_stall,concentrate,Vitamin/mineral_supplement,2.83,,
diet_mature_goat_female_dairy_stall,concentrate,molasses_beet,4.15,,
diet_mature_goat_female_dairy_stall,concentrate,lupin_australian,0,,
diet_mature_goat_female_dairy_stall,concentrate,soybean_hulls_12_cp,10.06,,
diet_mature_goat_female_dairy_stall,concentrate,palm_oil,1.13,,
diet_mature_goat_female_dairy_stall,concentrate,corn_gluten_feed_20_5_cp,5.01,,
diet_mature_goat_female_dairy_stall,concentrate,sunflower_seed,2.66,,
diet_mature_goat_female_dairy_stall,concentrate,wheat_bran_20_starch,9.91,,
diet_mature_goat_female_dairy_stall,concentrate,soybean_meal_47_cp,0,,
diet_mature_goat_female_dairy_stall,concentrate,wheat_soft_national_12_9_cp,0,Spain,
diet_mature_goat_female_dairy_stall,concentrate,barley_2_rows_national_11_3_cp,10.16,Spain,
diet_mature_goat_female_dairy_stall,concentrate,oats,10.23,,
diet_mature_goat_female_dairy_stall,concentrate,corn_national,24.42,Spain,
diet_mature_goat_female_dairy_stall,concentrate,beet_pulp_4_ash,3.05,,
diet_mature_goat_female_dairy_stall,concentrate,horse_bean_white_flower_variety,4.95,,
diet_mature_goat_female_dairy_stall,concentrate,cotton_seed_whole,6.24,,
diet_mature_goat_female_dairy_stall,concentrate,barley_ddgs,5.19,,
diet_mature_goat_female_dairy_stall,forage,straw_cereals_wheat_and_barley,0,,
diet_mature_goat_female_dairy_stall,forage,ryegrass_fresh_second,0,,
diet_mature_goat_female_dairy_stall,forage,ryegrass_fresh_third,0,,
diet_mature_goat_female_dairy_stall,forage,ryegrass_fresh_fourth,0,,
diet_mature_goat_female_dairy_stall,forage,ryegrass_hay_third,0,,
diet_mature_goat_female_dairy_stall,forage,alfalfa_hay_first,100,,
diet_mature_goat_female_dairy_stall,milk,goat_breast_milk,0,,
diet_mature_goat_female_dairy_pasture,concentrate,skimmed_milk,0,,
diet_mature_goat_female_dairy_pasture,concentrate,Vitamin/mineral_supplement,2.79,,
diet_mature_goat_female_dairy_pasture,concentrate,molasses_beet,0.82,,
diet_mature_goat_female_dairy_pasture,concentrate,lupin_australian,7.08,,
diet_mature_goat_female_dairy_pasture,concentrate,soybean_hulls_12_cp,4.96,,
diet_mature_goat_female_dairy_pasture,concentrate,palm_oil,1.12,,
diet_mature_goat_female_dairy_pasture,concentrate,corn_gluten_feed_20_5_cp,5.94,,
diet_mature_goat_female_dairy_pasture,concentrate,sunflower_seed,10.5,,
diet_mature_goat_female_dairy_pasture,concentrate,wheat_bran_20_starch,4.89,,
diet_mature_goat_female_dairy_pasture,concentrate,soybean_meal_47_cp,4.91,,
diet_mature_goat_female_dairy_pasture,concentrate,wheat_soft_national_12_9_cp,8.01,Spain,
diet_mature_goat_female_dairy_pasture,concentrate,barley_2_rows_national_11_3_cp,15.04,Spain,
diet_mature_goat_female_dairy_pasture,concentrate,oats,12.12,,
diet_mature_goat_female_dairy_pasture,concentrate,corn_national,14.46,Spain,
diet_mature_goat_female_dairy_pasture,concentrate,beet_pulp_4_ash,1.5,,
diet_mature_goat_female_dairy_pasture,concentrate,horse_bean_white_flower_variety,5.86,,
diet_mature_goat_female_dairy_pasture,concentrate,cotton_seed_whole,0,,
diet_mature_goat_female_dairy_pasture,concentrate,barley_ddgs,0,,
diet_mature_goat_female_dairy_pasture,forage,straw_cereals_wheat_and_barley,25,,
diet_mature_goat_female_dairy_pasture,forage,ryegrass_fresh_second,16.67,,
diet_mature_goat_female_dairy_pasture,forage,ryegrass_fresh_third,16.67,,
diet_mature_goat_female_dairy_pasture,forage,ryegrass_fresh_fourth,33.33,,
diet_mature_goat_female_dairy_pasture,forage,ryegrass_hay_third,8.33,,
diet_mature_goat_female_dairy_pasture,forage,alfalfa_hay_first,0,,
diet_mature_goat_female_dairy_pasture,milk,goat_breast_milk,0,,
diet_mature_goat_female_meat_stall,concentrate,skimmed_milk,0,,
diet_mature_goat_female_meat_stall,concentrate,Vitamin/mineral_supplement,2.79,,
diet_mature_goat_female_meat_stall,concentrate,molasses_beet,0,,
diet_mature_goat_female_meat_stall,concentrate,lupin_australian,0,,
diet_mature_goat_female_meat_stall,concentrate,soybean_hulls_12_cp,4.97,,
diet_mature_goat_female_meat_stall,concentrate,palm_oil,1.12,,
diet_mature_goat_female_meat_stall,concentrate,corn_gluten_feed_20_5_cp,7.93,,
diet_mature_goat_female_meat_stall,concentrate,sunflower_seed,8.41,,
diet_mature_goat_female_meat_stall,concentrate,wheat_bran_20_starch,9.8,,
diet_mature_goat_female_meat_stall,concentrate,soybean_meal_47_cp,7.86,,
diet_mature_goat_female_meat_stall,concentrate,wheat_soft_national_12_9_cp,15.03,Spain,
diet_mature_goat_female_meat_stall,concentrate,barley_2_rows_national_11_3_cp,25.11,Spain,
diet_mature_goat_female_meat_stall,concentrate,oats,0,,
diet_mature_goat_female_meat_stall,concentrate,corn_national,14.48,Spain,
diet_mature_goat_female_meat_stall,concentrate,beet_pulp_4_ash,2.51,,
diet_mature_goat_female_meat_stall,concentrate,horse_bean_white_flower_variety,0,,
diet_mature_goat_female_meat_stall,concentrate,cotton_seed_whole,0,,
diet_mature_goat_female_meat_stall,concentrate,barley_ddgs,0,,
diet_mature_goat_female_meat_stall,forage,straw_cereals_wheat_and_barley,28.57,,
diet_mature_goat_female_meat_stall,forage,ryegrass_fresh_second,0,,
diet_mature_goat_female_meat_stall,forage,ryegrass_fresh_third,0,,
diet_mature_goat_female_meat_stall,forage,ryegrass_fresh_fourth,0,,
diet_mature_goat_female_meat_stall,forage,ryegrass_hay_third,71.43,,
diet_mature_goat_female_meat_stall,forage,alfalfa_hay_first,0,,
diet_mature_goat_female_meat_stall,milk,goat_breast_milk,0,,
diet_mature_goat_female_meat_pasture,concentrate,skimmed_milk,0,,
diet_mature_goat_female_meat_pasture,concentrate,Vitamin/mineral_supplement,2.79,,
diet_mature_goat_female_meat_pasture,concentrate,molasses_beet,0,,
diet_mature_goat_female_meat_pasture,concentrate,lupin_australian,0,,
diet_mature_goat_female_meat_pasture,concentrate,soybean_hulls_12_cp,4.97,,
diet_mature_goat_female_meat_pasture,concentrate,palm_oil,1.12,,
diet_mature_goat_female_meat_pasture,concentrate,corn_gluten_feed_20_5_cp,7.93,,
diet_mature_goat_female_meat_pasture,concentrate,sunflower_seed,8.41,,
diet_mature_goat_female_meat_pasture,concentrate,wheat_bran_20_starch,9.8,,
diet_mature_goat_female_meat_pasture,concentrate,soybean_meal_47_cp,7.86,,
diet_mature_goat_female_meat_pasture,concentrate,wheat_soft_national_12_9_cp,15.03,Spain,
diet_mature_goat_female_meat_pasture,concentrate,barley_2_rows_national_11_3_cp,25.11,Spain,
diet_mature_goat_female_meat_pasture,concentrate,oats,0,,
diet_mature_goat_female_meat_pasture,concentrate,corn_national,14.48,Spain,
diet_mature_goat_female_meat_pasture,concentrate,beet_pulp_4_ash,2.51,,
diet_mature_goat_female_meat_pasture,concentrate,horse_bean_white_flower_variety,0,,
diet_mature_goat_female_meat_pasture,concentrate,cotton_seed_whole,0,,
diet_mature_goat_female_meat_pasture,concentrate,barley_ddgs,0,,
diet_mature_goat_female_meat_pasture,forage,straw_cereals_wheat_and_barley,22.22,,
diet_mature_goat_female_meat_pasture,forage,ryegrass_fresh_second,16.67,,
diet_mature_goat_female_meat_pasture,forage,ryegrass_fresh_third,11.11,,
diet_mature_goat_female_meat_pasture,forage,ryegrass_fresh_fourth,38.89,,
diet_mature_goat_female_meat_pasture,forage,ryegrass_hay_third,11.11,,
diet_mature_goat_female_meat_pasture,forage,alfalfa_hay_first,0,,
diet_mature_goat_female_meat_pasture,milk,goat_breast_milk,0,,
diet_lamb_dairy_slaughter,concentrate,corn_national,25,Spain,
diet_lamb_dairy_slaughter,concentrate,barley_2_rows_national_11_3_cp,22,Spain,
diet_lamb_dairy_slaughter,concentrate,wheat_soft_national_12_9_cp,25,Spain,
diet_lamb_dairy_slaughter,concentrate,soybean_meal_44_cp,22,,
diet_lamb_dairy_slaughter,concentrate,wheat_bran_20_starch,2.5,,
diet_lamb_dairy_slaughter,concentrate,barley_ddgs,0,,
diet_lamb_dairy_slaughter,concentrate,corn_gluten_feed_20_5_cp,0,,
diet_lamb_dairy_slaughter,concentrate,sunflower_seed,0,,
diet_lamb_dairy_slaughter,concentrate,palm_oil,1,,
diet_lamb_dairy_slaughter,concentrate,Vitamin/mineral_supplement,2.5,,
diet_lamb_dairy_slaughter,concentrate,beet_pulp_4_ash,0,,
diet_lamb_dairy_slaughter,concentrate,citrus_pulp_orange_tangerine,0,,
diet_lamb_dairy_slaughter,concentrate,molasses_beet,0,,
diet_lamb_dairy_slaughter,concentrate,cotton_seed_whole,0,,
diet_lamb_dairy_slaughter,forage,straw_cereals_wheat_and_barley,100,,
diet_lamb_dairy_slaughter,forage,ryegrass_fresh_second,0,,
diet_lamb_dairy_slaughter,forage,ryegrass_fresh_third,0,,
diet_lamb_dairy_slaughter,forage,ryegrass_hay_third,0,,
diet_lamb_dairy_slaughter,forage,alfalfa_hay_first,0,,
diet_lamb_dairy_slaughter,milk,sheep_breast_milk,100,,
diet_lamb_meat_slaughter,concentrate,corn_national,20,Spain,
diet_lamb_meat_slaughter,concentrate,barley_2_rows_national_11_3_cp,24,Spain,
diet_lamb_meat_slaughter,concentrate,wheat_soft_national_12_9_cp,24,Spain,
diet_lamb_meat_slaughter,concentrate,soybean_meal_44_cp,24,,
diet_lamb_meat_slaughter,concentrate,wheat_bran_20_starch,5,,
diet_lamb_meat_slaughter,concentrate,barley_ddgs,0,,
diet_lamb_meat_slaughter,concentrate,corn_gluten_feed_20_5_cp,0,,
diet_lamb_meat_slaughter,concentrate,sunflower_seed,0,,
diet_lamb_meat_slaughter,concentrate,palm_oil,0.5,,
diet_lamb_meat_slaughter,concentrate,Vitamin/mineral_supplement,2.5,,
diet_lamb_meat_slaughter,concentrate,beet_pulp_4_ash,0,,
diet_lamb_meat_slaughter,concentrate,citrus_pulp_orange_tangerine,0,,
diet_lamb_meat_slaughter,concentrate,molasses_beet,0,,
diet_lamb_meat_slaughter,concentrate,cotton_seed_whole,0,,
diet_lamb_meat_slaughter,forage,straw_cereals_wheat_and_barley,100,,
diet_lamb_meat_slaughter,forage,ryegrass_fresh_second,0,,
diet_lamb_meat_slaughter,forage,ryegrass_fresh_third,0,,
diet_lamb_meat_slaughter,forage,ryegrass_hay_third,0,,
diet_lamb_meat_slaughter,forage,alfalfa_hay_first,0,,
diet_lamb_meat_slaughter,milk,sheep_breast_milk,0,,
diet_lamb_dairy_male_replacement_pasture,concentrate,corn_national,15,Spain,
diet_lamb_dairy_male_replacement_pasture,concentrate,barley_2_rows_national_11_3_cp,30,Spain,
diet_lamb_dairy_male_replacement_pasture,concentrate,wheat_soft_national_12_9_cp,15,Spain,
diet_lamb_dairy_male_replacement_pasture,concentrate,soybean_meal_44_cp,11,,
diet_lamb_dairy_male_replacement_pasture,concentrate,wheat_bran_20_starch,20,,
diet_lamb_dairy_male_replacement_pasture,concentrate,barley_ddgs,0,,
diet_lamb_dairy_male_replacement_pasture,concentrate,corn_gluten_feed_20_5_cp,0,,
diet_lamb_dairy_male_replacement_pasture,concentrate,sunflower_seed,0,,
diet_lamb_dairy_male_replacement_pasture,concentrate,palm_oil,1.5,,
diet_lamb_dairy_male_replacement_pasture,concentrate,Vitamin/mineral_supplement,2.5,,
diet_lamb_dairy_male_replacement_pasture,concentrate,beet_pulp_4_ash,5,,
diet_lamb_dairy_male_replacement_pasture,concentrate,citrus_pulp_orange_tangerine,0,,
diet_lamb_dairy_male_replacement_pasture,concentrate,molasses_beet,0,,
diet_lamb_dairy_male_replacement_pasture,concentrate,cotton_seed_whole,0,,
diet_lamb_dairy_male_replacement_pasture,forage,straw_cereals_wheat_and_barley,0,,
diet_lamb_dairy_male_replacement_pasture,forage,ryegrass_fresh_second,0,,
diet_lamb_dairy_male_replacement_pasture,forage,ryegrass_fresh_third,69.74,,
diet_lamb_dairy_male_replacement_pasture,forage,ryegrass_hay_third,25,,
diet_lamb_dairy_male_replacement_pasture,forage,alfalfa_hay_first,5.26,,
diet_lamb_dairy_male_replacement_pasture,milk,sheep_breast_milk,0,,
diet_lamb_dairy_male_replacement_stall,concentrate,corn_national,15,Spain,
diet_lamb_dairy_male_replacement_stall,concentrate,barley_2_rows_national_11_3_cp,30,Spain,
diet_lamb_dairy_male_replacement_stall,concentrate,wheat_soft_national_12_9_cp,15,Spain,
diet_lamb_dairy_male_replacement_stall,concentrate,soybean_meal_44_cp,11,,
diet_lamb_dairy_male_replacement_stall,concentrate,wheat_bran_20_starch,20,,
diet_lamb_dairy_male_replacement_stall,concentrate,barley_ddgs,0,,
diet_lamb_dairy_male_replacement_stall,concentrate,corn_gluten_feed_20_5_cp,0,,
diet_lamb_dairy_male_replacement_stall,concentrate,sunflower_seed,0,,
diet_lamb_dairy_male_replacement_stall,concentrate,palm_oil,1.5,,
diet_lamb_dairy_male_replacement_stall,concentrate,Vitamin/mineral_supplement,2.5,,
diet_lamb_dairy_male_replacement_stall,concentrate,beet_pulp_4_ash,5,,
diet_lamb_dairy_male_replacement_stall,concentrate,citrus_pulp_orange_tangerine,0,,
diet_lamb_dairy_male_replacement_stall,concentrate,molasses_beet,0,,
diet_lamb_dairy_male_replacement_stall,concentrate,cotton_seed_whole,0,,
diet_lamb_dairy_male_replacement_stall,forage,straw_cereals_wheat_and_barley,100,,
diet_lamb_dairy_male_replacement_stall,forage,ryegrass_fresh_second,0,,
diet_lamb_dairy_male_replacement_stall,forage,ryegrass_fresh_third,0,,
diet_lamb_dairy_male_replacement_stall,forage,ryegrass_hay_third,0,,
diet_lamb_dairy_male_replacement_stall,forage,alfalfa_hay_first,0,,
diet_lamb_dairy_male_replacement_stall,milk,sheep_breast_milk,0,,
diet_lamb_meat_male_replacement_pasture,concentrate,corn_national,15,Spain,
diet_lamb_meat_male_replacement_pasture,concentrate,barley_2_rows_national_11_3_cp,30,Spain,
diet_lamb_meat_male_replacement_pasture,concentrate,wheat_soft_national_12_9_cp,15,Spain,
diet_lamb_meat_male_replacement_pasture,concentrate,soybean_meal_44_cp,11,,
diet_lamb_meat_male_replacement_pasture,concentrate,wheat_bran_20_starch,20,,
diet_lamb_meat_male_replacement_pasture,concentrate,barley_ddgs,0,,
diet_lamb_meat_male_replacement_pasture,concentrate,corn_gluten_feed_20_5_cp,0,,
diet_lamb_meat_male_replacement_pasture,concentrate,sunflower_seed,0,,
diet_lamb_meat_male_replacement_pasture,concentrate,palm_oil,1.5,,
diet_lamb_meat_male_replacement_pasture,concentrate,Vitamin/mineral_supplement,2.5,,
diet_lamb_meat_male_replacement_pasture,concentrate,beet_pulp_4_ash,5,,
diet_lamb_meat_male_replacement_pasture,concentrate,citrus_pulp_orange_tangerine,0,,
diet_lamb_meat_male_replacement_pasture,concentrate,molasses_beet,0,,
diet_lamb_meat_male_replacement_pasture,concentrate,cotton_seed_whole,0,,
diet_lamb_meat_male_replacement_pasture,forage,straw_cereals_wheat_and_barley,100,,
diet_lamb_meat_male_replacement_pasture,forage,ryegrass_fresh_second,0,,
diet_lamb_meat_male_replacement_pasture,forage,ryegrass_fresh_third,0,,
diet_lamb_meat_male_replacement_pasture,forage,ryegrass_hay_third,0,,
diet_lamb_meat_male_replacement_pasture,forage,alfalfa_hay_first,0,,
diet_lamb_meat_male_replacement_pasture,milk,sheep_breast_milk,0,,
diet_mature_sheep_dairy_male_pasture,concentrate,corn_national,15,Spain,
diet_mature_sheep_dairy_male_pasture,concentrate,barley_2_rows_national_11_3_cp,30,Spain,
diet_mature_sheep_dairy_male_pasture,concentrate,wheat_soft_national_12_9_cp,15,Spain,
diet_mature_sheep_dairy_male_pasture,concentrate,soybean_meal_44_cp,11,,
diet_mature_sheep_dairy_male_pasture,concentrate,wheat_bran_20_starch,20,,
diet_mature_sheep_dairy_male_pasture,concentrate,barley_ddgs,0,,
diet_mature_sheep_dairy_male_pasture,concentrate,corn_gluten_feed_20_5_cp,0,,
diet_mature_sheep_dairy_male_pasture,concentrate,sunflower_seed,0,,
diet_mature_sheep_dairy_male_pasture,concentrate,palm_oil,1.5,,
diet_mature_sheep_dairy_male_pasture,concentrate,Vitamin/mineral_supplement,2.5,,
diet_mature_sheep_dairy_male_pasture,concentrate,beet_pulp_4_ash,5,,
diet_mature_sheep_dairy_male_pasture,concentrate,citrus_pulp_orange_tangerine,0,,
diet_mature_sheep_dairy_male_pasture,concentrate,molasses_beet,0,,
diet_mature_sheep_dairy_male_pasture,concentrate,cotton_seed_whole,0,,
diet_mature_sheep_dairy_male_pasture,forage,straw_cereals_wheat_and_barley,0,,
diet_mature_sheep_dairy_male_pasture,forage,ryegrass_fresh_second,0,,
diet_mature_sheep_dairy_male_pasture,forage,ryegrass_fresh_third,69.74,,
diet_mature_sheep_dairy_male_pasture,forage,ryegrass_hay_third,25,,
diet_mature_sheep_dairy_male_pasture,forage,alfalfa_hay_first,5.26,,
diet_mature_sheep_dairy_male_pasture,milk,sheep_breast_milk,0,,
diet_mature_sheep_dairy_male_stall,concentrate,corn_national,15,Spain,
diet_mature_sheep_dairy_male_stall,concentrate,barley_2_rows_national_11_3_cp,30,Spain,
diet_mature_sheep_dairy_male_stall,concentrate,wheat_soft_national_12_9_cp,15,Spain,
diet_mature_sheep_dairy_male_stall,concentrate,soybean_meal_44_cp,11,,
diet_mature_sheep_dairy_male_stall,concentrate,wheat_bran_20_starch,20,,
diet_mature_sheep_dairy_male_stall,concentrate,barley_ddgs,0,,
diet_mature_sheep_dairy_male_stall,concentrate,corn_gluten_feed_20_5_cp,0,,
diet_mature_sheep_dairy_male_stall,concentrate,sunflower_seed,0,,
diet_mature_sheep_dairy_male_stall,concentrate,palm_oil,1.5,,
diet_mature_sheep_dairy_male_stall,concentrate,Vitamin/mineral_supplement,2.5,,
diet_mature_sheep_dairy_male_stall,concentrate,beet_pulp_4_ash,5,,
diet_mature_sheep_dairy_male_stall,concentrate,citrus_pulp_orange_tangerine,0,,
diet_mature_sheep_dairy_male_stall,concentrate,molasses_beet,0,,
diet_mature_sheep_dairy_male_stall,concentrate,cotton_seed_whole,0,,
diet_mature_sheep_dairy_male_stall,forage,straw_cereals_wheat_and_barley,100,,
diet_mature_sheep_dairy_male_stall,forage,ryegrass_fresh_second,0,,
diet_mature_sheep_dairy_male_stall,forage,ryegrass_fresh_third,0,,
diet_mature_sheep_dairy_male_stall,forage,ryegrass_hay_third,0,,
diet_mature_sheep_dairy_male_stall,forage,alfalfa_hay_first,0,,
diet_mature_sheep_dairy_male_stall,milk,sheep_breast_milk,0,,
diet_mature_sheep_meat_male_pasture,concentrate,corn_national,15,Spain,
diet_mature_sheep_meat_male_pasture,concentrate,barley_2_rows_national_11_3_cp,30,Spain,
diet_mature_sheep_meat_male_pasture,concentrate,wheat_soft_national_12_9_cp,15,Spain,
diet_mature_sheep_meat_male_pasture,concentrate,soybean_meal_44_cp,11,,
diet_mature_sheep_meat_male_pasture,concentrate,wheat_bran_20_starch,20,,
diet_mature_sheep_meat_male_pasture,concentrate,barley_ddgs,0,,
diet_mature_sheep_meat_male_pasture,concentrate,corn_gluten_feed_20_5_cp,0,,
diet_mature_sheep_meat_male_pasture,concentrate,sunflower_seed,0,,
diet_mature_sheep_meat_male_pasture,concentrate,palm_oil,1.5,,
diet_mature_sheep_meat_male_pasture,concentrate,Vitamin/mineral_supplement,2.5,,
diet_mature_sheep_meat_male_pasture,concentrate,beet_pulp_4_ash,5,,
diet_mature_sheep_meat_male_pasture,concentrate,citrus_pulp_orange_tangerine,0,,
diet_mature_sheep_meat_male_pasture,concentrate,molasses_beet,0,,
diet_mature_sheep_meat_male_pasture,concentrate,cotton_seed_whole,0,,
diet_mature_sheep_meat_male_pasture,forage,straw_cereals_wheat_and_barley,100,,
diet_mature_sheep_meat_male_pasture,forage,ryegrass_fresh_second,0,,
diet_mature_sheep_meat_male_pasture,forage,ryegrass_fresh_third,0,,
diet_mature_sheep_meat_male_pasture,forage,ryegrass_hay_third,0,,
diet_mature_sheep_meat_male_pasture,forage,alfalfa_hay_first,0,,
diet_mature_sheep_meat_male_pasture,milk,sheep_breast_milk,0,,
diet_lamb_dairy_female_replacement_pasture,concentrate,corn_national,10,Spain,
diet_lamb_dairy_female_replacement_pasture,concentrate,barley_2_rows_national_11_3_cp,40,Spain,
diet_lamb_dairy_female_replacement_pasture,concentrate,wheat_soft_national_12_9_cp,25,Spain,
diet_lamb_dairy_female_replacement_pasture,concentrate,soybean_meal_44_cp,10,,
diet_lamb_dairy_female_replacement_pasture,concentrate,wheat_bran_20_starch,10,,
diet_lamb_dairy_female_replacement_pasture,concentrate,barley_ddgs,0,,
diet_lamb_dairy_female_replacement_pasture,concentrate,corn_gluten_feed_20_5_cp,0,,
diet_lamb_dairy_female_replacement_pasture,concentrate,sunflower_seed,2.5,,
diet_lamb_dairy_female_replacement_pasture,concentrate,palm_oil,0,,
diet_lamb_dairy_female_replacement_pasture,concentrate,Vitamin/mineral_supplement,2.5,,
diet_lamb_dairy_female_replacement_pasture,concentrate,beet_pulp_4_ash,0,,
diet_lamb_dairy_female_replacement_pasture,concentrate,citrus_pulp_orange_tangerine,0,,
diet_lamb_dairy_female_replacement_pasture,concentrate,molasses_beet,0,,
diet_lamb_dairy_female_replacement_pasture,concentrate,cotton_seed_whole,0,,
diet_lamb_dairy_female_replacement_pasture,forage,straw_cereals_wheat_and_barley,0,,
diet_lamb_dairy_female_replacement_pasture,forage,ryegrass_fresh_second,0,,
diet_lamb_dairy_female_replacement_pasture,forage,ryegrass_fresh_third,77,,
diet_lamb_dairy_female_replacement_pasture,forage,ryegrass_hay_third,23,,
diet_lamb_dairy_female_replacement_pasture,forage,alfalfa_hay_first,0,,
diet_lamb_dairy_female_replacement_pasture,milk,sheep_breast_milk,0,,
diet_lamb_dairy_female_replacement_stall,concentrate,corn_national,10,Spain,
diet_lamb_dairy_female_replacement_stall,concentrate,barley_2_rows_national_11_3_cp,40,Spain,
diet_lamb_dairy_female_replacement_stall,concentrate,wheat_soft_national_12_9_cp,25,Spain,
diet_lamb_dairy_female_replacement_stall,concentrate,soybean_meal_44_cp,10,,
diet_lamb_dairy_female_replacement_stall,concentrate,wheat_bran_20_starch,10,,
diet_lamb_dairy_female_replacement_stall,concentrate,barley_ddgs,0,,
diet_lamb_dairy_female_replacement_stall,concentrate,corn_gluten_feed_20_5_cp,0,,
diet_lamb_dairy_female_replacement_stall,concentrate,sunflower_seed,2.5,,
diet_lamb_dairy_female_replacement_stall,concentrate,palm_oil,0,,
diet_lamb_dairy_female_replacement_stall,concentrate,Vitamin/mineral_supplement,2.5,,
diet_lamb_dairy_female_replacement_stall,concentrate,beet_pulp_4_ash,0,,
diet_lamb_dairy_female_replacement_stall,concentrate,citrus_pulp_orange_tangerine,0,,
diet_lamb_dairy_female_replacement_stall,concentrate,molasses_beet,0,,
diet_lamb_dairy_female_replacement_stall,concentrate,cotton_seed_whole,0,,
diet_lamb_dairy_female_replacement_stall,forage,straw_cereals_wheat_and_barley,0,,
diet_lamb_dairy_female_replacement_stall,forage,ryegrass_fresh_second,0,,
diet_lamb_dairy_female_replacement_stall,forage,ryegrass_fresh_third,0,,
diet_lamb_dairy_female_replacement_stall,forage,ryegrass_hay_third,0,,
diet_lamb_dairy_female_replacement_stall,forage,alfalfa_hay_first,100,,
diet_lamb_dairy_female_replacement_stall,milk,sheep_breast_milk,0,,
diet_lamb_meat_female_replacement_pasture,concentrate,corn_national,5,Spain,
diet_lamb_meat_female_replacement_pasture,concentrate,barley_2_rows_national_11_3_cp,90,Spain,
diet_lamb_meat_female_replacement_pasture,concentrate,wheat_soft_national_12_9_cp,0,Spain,
diet_lamb_meat_female_replacement_pasture,concentrate,soybean_meal_44_cp,2.5,,
diet_lamb_meat_female_replacement_pasture,concentrate,wheat_bran_20_starch,0,,
diet_lamb_meat_female_replacement_pasture,concentrate,barley_ddgs,0,,
diet_lamb_meat_female_replacement_pasture,concentrate,corn_gluten_feed_20_5_cp,0,,
diet_lamb_meat_female_replacement_pasture,concentrate,sunflower_seed,0,,
diet_lamb_meat_female_replacement_pasture,concentrate,palm_oil,0,,
diet_lamb_meat_female_replacement_pasture,concentrate,Vitamin/mineral_supplement,2.5,,
diet_lamb_meat_female_replacement_pasture,concentrate,beet_pulp_4_ash,0,,
diet_lamb_meat_female_replacement_pasture,concentrate,citrus_pulp_orange_tangerine,0,,
diet_lamb_meat_female_replacement_pasture,concentrate,molasses_beet,0,,
diet_lamb_meat_female_replacement_pasture,concentrate,cotton_seed_whole,0,,
diet_lamb_meat_female_replacement_pasture,forage,straw_cereals_wheat_and_barley,75,,
diet_lamb_meat_female_replacement_pasture,forage,ryegrass_fresh_second,0,,
diet_lamb_meat_female_replacement_pasture,forage,ryegrass_fresh_third,25,,
diet_lamb_meat_female_replacement_pasture,forage,ryegrass_hay_third,0,,
diet_lamb_meat_female_replacement_pasture,forage,alfalfa_hay_first,0,,
diet_lamb_meat_female_replacement_pasture,milk,sheep_breast_milk,0,,
diet_mature_sheep_dairy_female_pasture,concentrate,corn_national,5,Spain,
diet_mature_sheep_dairy_female_pasture,concentrate,barley_2_rows_national_11_3_cp,20,Spain,
diet_mature_sheep_dairy_female_pasture,concentrate,wheat_soft_national_12_9_cp,15,Spain,
diet_mature_sheep_dairy_female_pasture,concentrate,soybean_meal_44_cp,5,,
diet_mature_sheep_dairy_female_pasture,concentrate,wheat_bran_20_starch,20,,
diet_mature_sheep_dairy_female_pasture,concentrate,barley_ddgs,5,,
diet_mature_sheep_dairy_female_pasture,concentrate,corn_gluten_feed_20_5_cp,0,,
diet_mature_sheep_dairy_female_pasture,concentrate,sunflower_seed,15,,
diet_mature_sheep_dairy_female_pasture,concentrate,palm_oil,2,,
diet_mature_sheep_dairy_female_pasture,concentrate,Vitamin/mineral_supplement,3,,
diet_mature_sheep_dairy_female_pasture,concentrate,beet_pulp_4_ash,3.5,,
diet_mature_sheep_dairy_female_pasture,concentrate,citrus_pulp_orange_tangerine,2,,
diet_mature_sheep_dairy_female_pasture,concentrate,molasses_beet,1.5,,
diet_mature_sheep_dairy_female_pasture,concentrate,cotton_seed_whole,3,,
diet_mature_sheep_dairy_female_pasture,forage,straw_cereals_wheat_and_barley,0,,
diet_mature_sheep_dairy_female_pasture,forage,ryegrass_fresh_second,0,,
diet_mature_sheep_dairy_female_pasture,forage,ryegrass_fresh_third,60,,
diet_mature_sheep_dairy_female_pasture,forage,ryegrass_hay_third,24,,
diet_mature_sheep_dairy_female_pasture,forage,alfalfa_hay_first,16,,
diet_mature_sheep_dairy_female_pasture,milk,sheep_breast_milk,0,,
diet_mature_sheep_dairy_female_stall,concentrate,corn_national,5,Spain,
diet_mature_sheep_dairy_female_stall,concentrate,barley_2_rows_national_11_3_cp,20,Spain,
diet_mature_sheep_dairy_female_stall,concentrate,wheat_soft_national_12_9_cp,15,Spain,
diet_mature_sheep_dairy_female_stall,concentrate,soybean_meal_44_cp,5,,
diet_mature_sheep_dairy_female_stall,concentrate,wheat_bran_20_starch,20,,
diet_mature_sheep_dairy_female_stall,concentrate,barley_ddgs,5,,
diet_mature_sheep_dairy_female_stall,concentrate,corn_gluten_feed_20_5_cp,0,,
diet_mature_sheep_dairy_female_stall,concentrate,sunflower_seed,15,,
diet_mature_sheep_dairy_female_stall,concentrate,palm_oil,2,,
diet_mature_sheep_dairy_female_stall,concentrate,Vitamin/mineral_supplement,3,,
diet_mature_sheep_dairy_female_stall,concentrate,beet_pulp_4_ash,3.5,,
diet_mature_sheep_dairy_female_stall,concentrate,citrus_pulp_orange_tangerine,2,,
diet_mature_sheep_dairy_female_stall,concentrate,molasses_beet,1.5,,
diet_mature_sheep_dairy_female_stall,concentrate,cotton_seed_whole,3,,
diet_mature_sheep_dairy_female_stall,forage,straw_cereals_wheat_and_barley,0,,
diet_mature_sheep_dairy_female_stall,forage,ryegrass_fresh_second,0,,
diet_mature_sheep_dairy_female_stall,forage,ryegrass_fresh_third,0,,
diet_mature_sheep_dairy_female_stall,forage,ryegrass_hay_third,0,,
diet_mature_sheep_dairy_female_stall,forage,alfalfa_hay_first,100,,
diet_mature_sheep_dairy_female_stall,milk,sheep_breast_milk,0,,
diet_mature_sheep_meat_female_pasture,concentrate,corn_national,8,Spain,
diet_mature_sheep_meat_female_pasture,concentrate,barley_2_rows_national_11_3_cp,25,Spain,
diet_mature_sheep_meat_female_pasture,concentrate,wheat_soft_national_12_9_cp,5,Spain,
diet_mature_sheep_meat_female_pasture,concentrate,soybean_meal_44_cp,10,,
diet_mature_sheep_meat_female_pasture,concentrate,wheat_bran_20_starch,30,,
diet_mature_sheep_meat_female_pasture,concentrate,barley_ddgs,0,,
diet_mature_sheep_meat_female_pasture,concentrate,corn_gluten_feed_20_5_cp,8,,
diet_mature_sheep_meat_female_pasture,concentrate,sunflower_seed,10,,
diet_mature_sheep_meat_female_pasture,concentrate,palm_oil,1.5,,
diet_mature_sheep_meat_female_pasture,concentrate,Vitamin/mineral_supplement,2.5,,
diet_mature_sheep_meat_female_pasture,concentrate,beet_pulp_4_ash,0,,
diet_mature_sheep_meat_female_pasture,concentrate,citrus_pulp_orange_tangerine,0,,
diet_mature_sheep_meat_female_pasture,concentrate,molasses_beet,0,,
diet_mature_sheep_meat_female_pasture,concentrate,cotton_seed_whole,0,,
diet_mature_sheep_meat_female_pasture,forage,straw_cereals_wheat_and_barley,75,,
diet_mature_sheep_meat_female_pasture,forage,ryegrass_fresh_second,0,,
diet_mature_sheep_meat_female_pasture,forage,ryegrass_fresh_third,25,,
diet_mature_sheep_meat_female_pasture,forage,ryegrass_hay_third,0,,
diet_mature_sheep_meat_female_pasture,forage,alfalfa_hay_first,0,,
diet_mature_sheep_meat_female_pasture,milk,sheep_breast_milk,0,,
diet_broilers,concentrate,wheat_soft_english,47.6,,
diet_broilers,concentrate,corn_national,12.96,Spain,
diet_broilers,concentrate,tapioca_65,0,,
diet_broilers,concentrate,lard,7.04,,
diet_broilers,concentrate,soya_acid_oil_oleins,0.03,,
diet_broilers,concentrate,rapeseed_meal_00,0.12,,
diet_broilers,concentrate,sunflower_meal_36_cp,3.7,,
diet_broilers,concentrate,extruded_soybeans,1.31,,
diet_broilers,concentrate,soybean_meal_44_cp,0,,
diet_broilers,concentrate,soybean_meal_47_cp,23.58,,
diet_broilers,concentrate,meat_meal_44_15_28,0,,
diet_broilers,concentrate,meat_meal_52_14_25,0,,
diet_broilers,concentrate,corn_ddgs_12_5_ee_3_5_starch,0,,
diet_broilers,concentrate,sodium_bicarbonate,0.15,,
diet_broilers,concentrate,calcium_carbonate,1.55,,
diet_broilers,concentrate,dicalcium_phosphate_dihydrated,0,,
diet_broilers,concentrate,monocalcium_phosphate_hydrated,0.52,,
diet_broilers,concentrate,sodium_chloride_mine_92,0.36,,
diet_broilers,concentrate,choline_chloride_75,0.03,,
diet_broilers,concentrate,l_methionine,0.28,,
diet_broilers,concentrate,l_lysine_hcl,0,,
diet_broilers,concentrate,l_lysine_50,0.29,,
diet_broilers,concentrate,l_threonine,0.11,,
diet_broilers,concentrate,Vitamin/mineral_supplement,0.37,,
diet_replacement_layer_pullets,concentrate,wheat_soft_english,26,,
diet_replacement_layer_pullets,concentrate,corn_national,41.12,Spain,
diet_replacement_layer_pullets,concentrate,tapioca_65,0,,
diet_replacement_layer_pullets,concentrate,lard,0.34,,
diet_replacement_layer_pullets,concentrate,soya_acid_oil_oleins,0,,
diet_replacement_layer_pullets,concentrate,rapeseed_meal_00,4.14,,
diet_replacement_layer_pullets,concentrate,sunflower_meal_36_cp,11.6,,
diet_replacement_layer_pullets,concentrate,palm_kernel_expeller,0.47,,
diet_replacement_layer_pullets,concentrate,soybean_meal_44_cp,0,,
diet_replacement_layer_pullets,concentrate,soybean_meal_47_cp,5.82,,
diet_replacement_layer_pullets,concentrate,meat_meal_52_14_25,0,,
diet_replacement_layer_pullets,concentrate,corn_ddgs_12_5_ee_3_5_starch,2.39,,
diet_replacement_layer_pullets,concentrate,corn_gluten_feed_20_5_cp,3.75,,
diet_replacement_layer_pullets,concentrate,wheat_bran_20_starch,1.19,,
diet_replacement_layer_pullets,concentrate,sodium_bicarbonate,0.17,,
diet_replacement_layer_pullets,concentrate,calcium_carbonate,1.81,,
diet_replacement_layer_pullets,concentrate,dicalcium_phosphate_dihydrated,0,,
diet_replacement_layer_pullets,concentrate,monocalcium_phosphate_hydrated,0.32,,
diet_replacement_layer_pullets,concentrate,sodium_chloride_mine_92,0.32,,
diet_replacement_layer_pullets,concentrate,choline_chloride_75,0.03,,
diet_replacement_layer_pullets,concentrate,l_methionine,0.07,,
diet_replacement_layer_pullets,concentrate,l_lysine_hcl,0,,
diet_replacement_layer_pullets,concentrate,l_lysine_50,0.18,,
diet_replacement_layer_pullets,concentrate,l_threonine,0.02,,
diet_replacement_layer_pullets,concentrate,Vitamin/mineral_supplement,0.26,,
diet_breeder_meat_hens,concentrate,wheat_soft_english,29.48,,
diet_breeder_meat_hens,concentrate,corn_national,39.17,Spain,
diet_breeder_meat_hens,concentrate,tapioca_65,0,,
diet_breeder_meat_hens,concentrate,lard,0.33,,
diet_breeder_meat_hens,concentrate,soya_acid_oil_oleins,1.46,,
diet_breeder_meat_hens,concentrate,sunflower_meal_36_cp,5.1,,
diet_breeder_meat_hens,concentrate,extruded_soybeans,0.03,,
diet_breeder_meat_hens,concentrate,soybean_meal_44_cp,0,,
diet_breeder_meat_hens,concentrate,soybean_meal_47_cp,10.39,,
diet_breeder_meat_hens,concentrate,corn_ddgs_12_5_ee_3_5_starch,4.08,,
diet_breeder_meat_hens,concentrate,sodium_bicarbonate,0.28,,
diet_breeder_meat_hens,concentrate,calcium_carbonate,8.09,,
diet_breeder_meat_hens,concentrate,dicalcium_phosphate_dihydrated,0,,
diet_breeder_meat_hens,concentrate,monocalcium_phosphate_hydrated,0.13,,
diet_breeder_meat_hens,concentrate,sodium_chloride_mine_92,0.21,,
diet_breeder_meat_hens,concentrate,choline_chloride_75,0.06,,
diet_breeder_meat_hens,concentrate,l_methionine,0.12,,
diet_breeder_meat_hens,concentrate,l_lysine_hcl,0,,
diet_breeder_meat_hens,concentrate,l_lysine_50,0.16,,
diet_breeder_meat_hens,concentrate,l_threonine,0.05,,
diet_breeder_meat_hens,concentrate,Vitamin/mineral_supplement,0.86,,
diet_replacement_meat_pullets,concentrate,wheat_soft_english,30.76,,
diet_replacement_meat_pullets,concentrate,corn_national,39.08,Spain,
diet_replacement_meat_pullets,concentrate,tapioca_65,0,,
diet_replacement_meat_pullets,concentrate,lard,0.12,,
diet_replacement_meat_pullets,concentrate,rapeseed_meal_00,4.69,,
diet_replacement_meat_pullets,concentrate,sunflower_meal_36_cp,13.11,,
diet_replacement_meat_pullets,concentrate,palm_kernel_expeller,3.3,,
diet_replacement_meat_pullets,concentrate,extruded_soybeans,0,,
diet_replacement_meat_pullets,concentrate,soybean_meal_44_cp,0,,
diet_replacement_meat_pullets,concentrate,soybean_meal_47_cp,1.88,,
diet_replacement_meat_pullets,concentrate,corn_ddgs_12_5_ee_3_5_starch,0.64,,
diet_replacement_meat_pullets,concentrate,corn_gluten_feed_20_5_cp,2.88,,
diet_replacement_meat_pullets,concentrate,wheat_bran_20_starch,0,,
diet_replacement_meat_pullets,concentrate,sodium_bicarbonate,0.26,,
diet_replacement_meat_pullets,concentrate,calcium_carbonate,2,,
diet_replacement_meat_pullets,concentrate,dicalcium_phosphate_dihydrated,0,,
diet_replacement_meat_pullets,concentrate,monocalcium_phosphate_hydrated,0.37,,
diet_replacement_meat_pullets,concentrate,sodium_chloride_mine_92,0.27,,
diet_replacement_meat_pullets,concentrate,choline_chloride_75,0.04,,
diet_replacement_meat_pullets,concentrate,l_methionine,0.05,,
diet_replacement_meat_pullets,concentrate,l_lysine_hcl,0,,
diet_replacement_meat_pullets,concentrate,l_lysine_50,0.23,,
diet_replacement_meat_pullets,concentrate,l_threonine,0.04,,
diet_replacement_meat_pullets,concentrate,Vitamin/mineral_supplement,0.28,,
diet_free_range_laying_hens,concentrate,wheat_soft_english,18.83,,
diet_free_range_laying_hens,concentrate,corn_national,43.9,Spain,
diet_free_range_laying_hens,concentrate,lard,2.12,,
diet_free_range_laying_hens,concentrate,soya_acid_oil_oleins,0,,
diet_free_range_laying_hens,concentrate,sunflower_meal_36_cp,8.12,,
diet_free_range_laying_hens,concentrate,soybean_meal_44_cp,0,,
diet_free_range_laying_hens,concentrate,soybean_meal_47_cp,12.01,,
diet_free_range_laying_hens,concentrate,meat_meal_52_14_25,0,,
diet_free_range_laying_hens,concentrate,corn_ddgs_12_5_ee_3_5_starch,4.07,,
diet_free_range_laying_hens,concentrate,sodium_bicarbonate,0.16,,
diet_free_range_laying_hens,concentrate,calcium_carbonate,9.94,,
diet_free_range_laying_hens,concentrate,dicalcium_phosphate_dihydrated,0,,
diet_free_range_laying_hens,concentrate,monocalcium_phosphate_hydrated,0.16,,
diet_free_range_laying_hens,concentrate,sodium_chloride_mine_92,0.31,,
diet_free_range_laying_hens,concentrate,choline_chloride_75,0.03,,
diet_free_range_laying_hens,concentrate,l_methionine,0.09,,
diet_free_range_laying_hens,concentrate,Vitamin/mineral_supplement,0.26,,
diet_laying_white_hens,concentrate,wheat_soft_english,14.02,,
diet_laying_white_hens,concentrate,corn_national,43.82,Spain,
diet_laying_white_hens,concentrate,lard,2.82,,
diet_laying_white_hens,concentrate,soya_acid_oil_oleins,0,,
diet_laying_white_hens,concentrate,sunflower_meal_36_cp,6.08,,
diet_laying_white_hens,concentrate,extruded_soybeans,0.17,,
diet_laying_white_hens,concentrate,soybean_meal_44_cp,0,,
diet_laying_white_hens,concentrate,soybean_meal_47_cp,15.76,,
diet_laying_white_hens,concentrate,meat_meal_52_14_25,0,,
diet_laying_white_hens,concentrate,corn_ddgs_12_5_ee_3_5_starch,4.06,,
diet_laying_white_hens,concentrate,corn_gluten_feed_20_5_cp,1.54,,
diet_laying_white_hens,concentrate,corn_gluten_meal_60,0,,
diet_laying_white_hens,concentrate,sodium_bicarbonate,0.22,,
diet_laying_white_hens,concentrate,calcium_carbonate,10.49,,
diet_laying_white_hens,concentrate,dicalcium_phosphate_dihydrated,0,,
diet_laying_white_hens,concentrate,monocalcium_phosphate_hydrated,0.18,,
diet_laying_white_hens,concentrate,sodium_chloride_mine_92,0.26,,
diet_laying_white_hens,concentrate,choline_chloride_75,0.03,,
diet_laying_white_hens,concentrate,l_methionine,0.17,,
diet_laying_white_hens,concentrate,l_lysine_hcl,0,,
diet_laying_white_hens,concentrate,l_lysine_50,0.08,,
diet_laying_white_hens,concentrate,l_threonine,0.01,,
diet_laying_white_hens,concentrate,Vitamin/mineral_supplement,0.29,,
diet_fattening_pigs_6_to_20_kg,concentrate,barley_2_rows_national_11_3_cp,20.12,Spain,
diet_fattening_pigs_6_to_20_kg,concentrate,corn_national,38.43,Spain,
diet_fattening_pigs_6_to_20_kg,concentrate,wheat_soft_national_10_2_cp,6.68,Spain,
diet_fattening_pigs_6_to_20_kg,concentrate,molasses_sugarcane,0,,
diet_fattening_pigs_6_to_20_kg,concentrate,tapioca_65,0,,
diet_fattening_pigs_6_to_20_kg,concentrate,wheat_bran_20_starch,0,,
diet_fattening_pigs_6_to_20_kg,concentrate,soybean_meal_44_cp,0,,
diet_fattening_pigs_6_to_20_kg,concentrate,soybean_meal_47_cp,21.59,,
diet_fattening_pigs_6_to_20_kg,concentrate,extruded_soybeans,3.01,,
diet_fattening_pigs_6_to_20_kg,concentrate,rapeseed_meal_00_33_cp,0,,
diet_fattening_pigs_6_to_20_kg,concentrate,rapeseed_meal_00_36_cp,0.99,,
diet_fattening_pigs_6_to_20_kg,concentrate,sunflower_meal_36_cp,0,,
diet_fattening_pigs_6_to_20_kg,concentrate,meat_meal_50_14_26,0,,
diet_fattening_pigs_6_to_20_kg,concentrate,lard,4.39,,
diet_fattening_pigs_6_to_20_kg,concentrate,calcium_carbonate,1.32,,
diet_fattening_pigs_6_to_20_kg,concentrate,monocalcium_phosphate_hydrated,0.45,,
diet_fattening_pigs_6_to_20_kg,concentrate,sodium_chloride_mine_92,0.47,,
diet_fattening_pigs_6_to_20_kg,concentrate,Vitamin/mineral_supplement,1.44,,
diet_fattening_pigs_6_to_20_kg,concentrate,l_lysine_50,0.49,,
diet_fattening_pigs_6_to_20_kg,concentrate,methionine_hydroxy_analog,0.27,,
diet_fattening_pigs_6_to_20_kg,concentrate,l_threonine,0.23,,
diet_fattening_pigs_6_to_20_kg,concentrate,l_triptophane,0.05,,
diet_fattening_pigs_6_to_20_kg,concentrate,l_valine,0.07,,
diet_fattening_pigs_6_to_20_kg,concentrate,l_isoleucine,0,,
diet_fattening_pigs_20_to_49_kg,concentrate,barley_2_rows_national_11_3_cp,17.66,Spain,
diet_fattening_pigs_20_to_49_kg,concentrate,corn_national,42.5,Spain,
diet_fattening_pigs_20_to_49_kg,concentrate,wheat_soft_national_10_2_cp,17.49,Spain,
diet_fattening_pigs_20_to_49_kg,concentrate,molasses_sugarcane,0,,
diet_fattening_pigs_20_to_49_kg,concentrate,tapioca_65,0,,
diet_fattening_pigs_20_to_49_kg,concentrate,wheat_bran_20_starch,0,,
diet_fattening_pigs_20_to_49_kg,concentrate,soybean_meal_44_cp,0,,
diet_fattening_pigs_20_to_49_kg,concentrate,soybean_meal_47_cp,14.87,,
diet_fattening_pigs_20_to_49_kg,concentrate,extruded_soybeans,0,,
diet_fattening_pigs_20_to_49_kg,concentrate,rapeseed_meal_00_33_cp,0,,
diet_fattening_pigs_20_to_49_kg,concentrate,rapeseed_meal_00_36_cp,2.12,,
diet_fattening_pigs_20_to_49_kg,concentrate,sunflower_meal_36_cp,0,,
diet_fattening_pigs_20_to_49_kg,concentrate,meat_meal_50_14_26,0,,
diet_fattening_pigs_20_to_49_kg,concentrate,lard,1.75,,
diet_fattening_pigs_20_to_49_kg,concentrate,calcium_carbonate,1.25,,
diet_fattening_pigs_20_to_49_kg,concentrate,monocalcium_phosphate_hydrated,0.15,,
diet_fattening_pigs_20_to_49_kg,concentrate,sodium_chloride_mine_92,0.42,,
diet_fattening_pigs_20_to_49_kg,concentrate,Vitamin/mineral_supplement,0.89,,
diet_fattening_pigs_20_to_49_kg,concentrate,l_lysine_50,0.48,,
diet_fattening_pigs_20_to_49_kg,concentrate,methionine_hydroxy_analog,0.15,,
diet_fattening_pigs_20_to_49_kg,concentrate,l_threonine,0.21,,
diet_fattening_pigs_20_to_49_kg,concentrate,l_triptophane,0.02,,
diet_fattening_pigs_20_to_49_kg,concentrate,l_valine,0.03,,
diet_fattening_pigs_20_to_49_kg,concentrate,l_isoleucine,0.01,,
diet_fattening_pigs_50_to_79_kg,concentrate,barley_2_rows_national_11_3_cp,13.21,Spain,
diet_fattening_pigs_50_to_79_kg,concentrate,corn_national,44.68,Spain,
diet_fattening_pigs_50_to_79_kg,concentrate,wheat_soft_national_10_2_cp,20.77,Spain,
diet_fattening_pigs_50_to_79_kg,concentrate,molasses_sugarcane,0,,
diet_fattening_pigs_50_to_79_kg,concentrate,tapioca_65,0,,
diet_fattening_pigs_50_to_79_kg,concentrate,wheat_bran_20_starch,0,,
diet_fattening_pigs_50_to_79_kg,concentrate,soybean_meal_44_cp,0,,
diet_fattening_pigs_50_to_79_kg,concentrate,soybean_meal_47_cp,11.66,,
diet_fattening_pigs_50_to_79_kg,concentrate,extruded_soybeans,0,,
diet_fattening_pigs_50_to_79_kg,concentrate,rapeseed_meal_00_33_cp,0,,
diet_fattening_pigs_50_to_79_kg,concentrate,rapeseed_meal_00_36_cp,4.93,,
diet_fattening_pigs_50_to_79_kg,concentrate,sunflower_meal_36_cp,0,,
diet_fattening_pigs_50_to_79_kg,concentrate,meat_meal_50_14_26,0,,
diet_fattening_pigs_50_to_79_kg,concentrate,lard,1.58,,
diet_fattening_pigs_50_to_79_kg,concentrate,calcium_carbonate,1.18,,
diet_fattening_pigs_50_to_79_kg,concentrate,monocalcium_phosphate_hydrated,0.07,,
diet_fattening_pigs_50_to_79_kg,concentrate,sodium_chloride_mine_92,0.37,,
diet_fattening_pigs_50_to_79_kg,concentrate,Vitamin/mineral_supplement,0.79,,
diet_fattening_pigs_50_to_79_kg,concentrate,l_lysine_50,0.44,,
diet_fattening_pigs_50_to_79_kg,concentrate,methionine_hydroxy_analog,0.11,,
diet_fattening_pigs_50_to_79_kg,concentrate,l_threonine,0.18,,
diet_fattening_pigs_50_to_79_kg,concentrate,l_triptophane,0.02,,
diet_fattening_pigs_50_to_79_kg,concentrate,l_valine,0.01,,
diet_fattening_pigs_50_to_79_kg,concentrate,l_isoleucine,0,,
diet_fattening_pigs_80_to_109_kg,concentrate,barley_2_rows_national_11_3_cp,6.18,Spain,
diet_fattening_pigs_80_to_109_kg,concentrate,corn_national,44.58,Spain,
diet_fattening_pigs_80_to_109_kg,concentrate,wheat_soft_national_10_2_cp,29.35,Spain,
diet_fattening_pigs_80_to_109_kg,concentrate,molasses_sugarcane,0,,
diet_fattening_pigs_80_to_109_kg,concentrate,tapioca_65,0,,
diet_fattening_pigs_80_to_109_kg,concentrate,wheat_bran_20_starch,0,,
diet_fattening_pigs_80_to_109_kg,concentrate,soybean_meal_44_cp,0,,
diet_fattening_pigs_80_to_109_kg,concentrate,soybean_meal_47_cp,7.31,,
diet_fattening_pigs_80_to_109_kg,concentrate,extruded_soybeans,0,,
diet_fattening_pigs_80_to_109_kg,concentrate,rapeseed_meal_00_33_cp,0,,
diet_fattening_pigs_80_to_109_kg,concentrate,rapeseed_meal_00_36_cp,8.43,,
diet_fattening_pigs_80_to_109_kg,concentrate,sunflower_meal_36_cp,0,,
diet_fattening_pigs_80_to_109_kg,concentrate,meat_meal_50_14_26,0,,
diet_fattening_pigs_80_to_109_kg,concentrate,lard,1.36,,
diet_fattening_pigs_80_to_109_kg,concentrate,calcium_carbonate,1.11,,
diet_fattening_pigs_80_to_109_kg,concentrate,monocalcium_phosphate_hydrated,0,,
diet_fattening_pigs_80_to_109_kg,concentrate,sodium_chloride_mine_92,0.28,,
diet_fattening_pigs_80_to_109_kg,concentrate,Vitamin/mineral_supplement,0.72,,
diet_fattening_pigs_80_to_109_kg,concentrate,l_lysine_50,0.43,,
diet_fattening_pigs_80_to_109_kg,concentrate,methionine_hydroxy_analog,0.07,,
diet_fattening_pigs_80_to_109_kg,concentrate,l_threonine,0.17,,
diet_fattening_pigs_80_to_109_kg,concentrate,l_triptophane,0.01,,
diet_fattening_pigs_80_to_109_kg,concentrate,l_valine,0,,
diet_fattening_pigs_80_to_109_kg,concentrate,l_isoleucine,0,,
diet_fattening_pigs_110_kg,concentrate,barley_2_rows_national_11_3_cp,0,Spain,
diet_fattening_pigs_110_kg,concentrate,corn_national,49.26,Spain,
diet_fattening_pigs_110_kg,concentrate,wheat_soft_national_10_2_cp,23.04,Spain,
diet_fattening_pigs_110_kg,concentrate,molasses_sugarcane,0,,
diet_fattening_pigs_110_kg,concentrate,tapioca_65,0,,
diet_fattening_pigs_110_kg,concentrate,wheat_bran_20_starch,11.39,,
diet_fattening_pigs_110_kg,concentrate,soybean_meal_44_cp,0,,
diet_fattening_pigs_110_kg,concentrate,soybean_meal_47_cp,2.34,,
diet_fattening_pigs_110_kg,concentrate,extruded_soybeans,0,,
diet_fattening_pigs_110_kg,concentrate,rapeseed_meal_00_33_cp,0,,
diet_fattening_pigs_110_kg,concentrate,rapeseed_meal_00_36_cp,0,,
diet_fattening_pigs_110_kg,concentrate,sunflower_meal_36_cp,8.2,,
diet_fattening_pigs_110_kg,concentrate,meat_meal_50_14_26,0,,
diet_fattening_pigs_110_kg,concentrate,lard,2.26,,
diet_fattening_pigs_110_kg,concentrate,calcium_carbonate,1.43,,
diet_fattening_pigs_110_kg,concentrate,monocalcium_phosphate_hydrated,0,,
diet_fattening_pigs_110_kg,concentrate,sodium_chloride_mine_92,0.75,,
diet_fattening_pigs_110_kg,concentrate,Vitamin/mineral_supplement,0.72,,
diet_fattening_pigs_110_kg,concentrate,l_lysine_50,0.4,,
diet_fattening_pigs_110_kg,concentrate,methionine_hydroxy_analog,0.04,,
diet_fattening_pigs_110_kg,concentrate,l_threonine,0.16,,
diet_fattening_pigs_110_kg,concentrate,l_triptophane,0.01,,
diet_fattening_pigs_110_kg,concentrate,l_valine,0,,
diet_fattening_pigs_110_kg,concentrate,l_isoleucine,0,,
diet_boar_juvenile,concentrate,barley_2_rows_national_11_3_cp,5.12,Spain,
diet_boar_juvenile,concentrate,corn_national,37.54,Spain,
diet_boar_juvenile,concentrate,wheat_soft_national_10_2_cp,5.02,Spain,
diet_boar_juvenile,concentrate,molasses_sugarcane,0,,
diet_boar_juvenile,concentrate,tapioca_65,0,,
diet_boar_juvenile,concentrate,wheat_bran_20_starch,23.48,,
diet_boar_juvenile,concentrate,soybean_meal_44_cp,14.54,,
diet_boar_juvenile,concentrate,soybean_meal_47_cp,0,,
diet_boar_juvenile,concentrate,extruded_soybeans,0,,
diet_boar_juvenile,concentrate,rapeseed_meal_00_33_cp,0,,
diet_boar_juvenile,concentrate,rapeseed_meal_00_36_cp,0,,
diet_boar_juvenile,concentrate,sunflower_meal_36_cp,5.09,,
diet_boar_juvenile,concentrate,meat_meal_50_14_26,0,,
diet_boar_juvenile,concentrate,lard,5.84,,
diet_boar_juvenile,concentrate,calcium_carbonate,1.99,,
diet_boar_juvenile,concentrate,monocalcium_phosphate_hydrated,0,,
diet_boar_juvenile,concentrate,sodium_chloride_mine_92,0.51,,
diet_boar_juvenile,concentrate,Vitamin/mineral_supplement,0.52,,
diet_boar_juvenile,concentrate,l_lysine_50,0.23,,
diet_boar_juvenile,concentrate,methionine_hydroxy_analog,0.04,,
diet_boar_juvenile,concentrate,l_threonine,0.08,,
diet_boar_juvenile,concentrate,l_triptophane,0,,
diet_boar_juvenile,concentrate,l_valine,0,,
diet_boar_juvenile,concentrate,l_isoleucine,0,,
diet_boar_adult,concentrate,barley_2_rows_national_11_3_cp,17.24,Spain,
diet_boar_adult,concentrate,corn_national,33.57,Spain,
diet_boar_adult,concentrate,wheat_soft_national_10_2_cp,0,Spain,
diet_boar_adult,concentrate,molasses_sugarcane,0,,
diet_boar_adult,concentrate,tapioca_65,0,,
diet_boar_adult,concentrate,wheat_bran_20_starch,39.34,,
diet_boar_adult,concentrate,soybean_meal_44_cp,0,,
diet_boar_adult,concentrate,soybean_meal_47_cp,1.11,,
diet_boar_adult,concentrate,extruded_soybeans,0,,
diet_boar_adult,concentrate,rapeseed_meal_00_33_cp,0,,
diet_boar_adult,concentrate,rapeseed_meal_00_36_cp,0,,
diet_boar_adult,concentrate,sunflower_meal_36_cp,3.06,,
diet_boar_adult,concentrate,meat_meal_50_14_26,0,,
diet_boar_adult,concentrate,lard,2.83,,
diet_boar_adult,concentrate,calcium_carbonate,1.69,,
diet_boar_adult,concentrate,monocalcium_phosphate_hydrated,0,,
diet_boar_adult,concentrate,sodium_chloride_mine_92,0.4,,
diet_boar_adult,concentrate,Vitamin/mineral_supplement,0.51,,
diet_boar_adult,concentrate,l_lysine_50,0.18,,
diet_boar_adult,concentrate,methionine_hydroxy_analog,0,,
diet_boar_adult,concentrate,l_threonine,0.07,,
diet_boar_adult,concentrate,l_triptophane,0,,
diet_boar_adult,concentrate,l_valine,0,,
diet_boar_adult,concentrate,l_isoleucine,0,,
diet_replacement_sows,concentrate,barley_2_rows_national_11_3_cp,17.24,Spain,
diet_replacement_sows,concentrate,corn_national,33.57,Spain,
diet_replacement_sows,concentrate,wheat_soft_national_10_2_cp,0,Spain,
diet_replacement_sows,concentrate,molasses_sugarcane,0,,
diet_replacement_sows,concentrate,tapioca_65,0,,
diet_replacement_sows,concentrate,wheat_bran_20_starch,39.34,,
diet_replacement_sows,concentrate,soybean_meal_44_cp,0,,
diet_replacement_sows,concentrate,soybean_meal_47_cp,1.11,,
diet_replacement_sows,concentrate,extruded_soybeans,0,,
diet_replacement_sows,concentrate,rapeseed_meal_00_33_cp,0,,
diet_replacement_sows,concentrate,rapeseed_meal_00_36_cp,0,,
diet_replacement_sows,concentrate,sunflower_meal_36_cp,3.06,,
diet_replacement_sows,concentrate,meat_meal_50_14_26,0,,
diet_replacement_sows,concentrate,lard,2.83,,
diet_replacement_sows,concentrate,calcium_carbonate,1.69,,
diet_replacement_sows,concentrate,monocalcium_phosphate_hydrated,0,,
diet_replacement_sows,concentrate,sodium_chloride_mine_92,0.4,,
diet_replacement_sows,concentrate,Vitamin/mineral_supplement,0.51,,
diet_replacement_sows,concentrate,l_lysine_50,0.18,,
diet_replacement_sows,concentrate,methionine_hydroxy_analog,0,,
diet_replacement_sows,concentrate,l_threonine,0.07,,
diet_replacement_sows,concentrate,l_triptophane,0,,
diet_replacement_sows,concentrate,l_valine,0,,
diet_replacement_sows,concentrate,l_isoleucine,0,,
diet_gest1_sows,concentrate,barley_2_rows_national_11_3_cp,17.24,Spain,
diet_gest1_sows,concentrate,corn_national,33.57,Spain,
diet_gest1_sows,concentrate,wheat_soft_national_10_2_cp,0,Spain,
diet_gest1_sows,concentrate,molasses_sugarcane,0,,
diet_gest1_sows,concentrate,tapioca_65,0,,
diet_gest1_sows,concentrate,wheat_bran_20_starch,39.34,,
diet_gest1_sows,concentrate,soybean_meal_44_cp,0,,
diet_gest1_sows,concentrate,soybean_meal_47_cp,1.11,,
diet_gest1_sows,concentrate,extruded_soybeans,0,,
diet_gest1_sows,concentrate,rapeseed_meal_00_33_cp,0,,
diet_gest1_sows,concentrate,rapeseed_meal_00_36_cp,0,,
diet_gest1_sows,concentrate,sunflower_meal_36_cp,3.06,,
diet_gest1_sows,concentrate,meat_meal_50_14_26,0,,
diet_gest1_sows,concentrate,lard,2.83,,
diet_gest1_sows,concentrate,calcium_carbonate,1.69,,
diet_gest1_sows,concentrate,monocalcium_phosphate_hydrated,0,,
diet_gest1_sows,concentrate,sodium_chloride_mine_92,0.4,,
diet_gest1_sows,concentrate,Vitamin/mineral_supplement,0.51,,
diet_gest1_sows,concentrate,l_lysine_50,0.18,,
diet_gest1_sows,concentrate,methionine_hydroxy_analog,0,,
diet_gest1_sows,concentrate,l_threonine,0.07,,
diet_gest1_sows,concentrate,l_triptophane,0,,
diet_gest1_sows,concentrate,l_valine,0,,
diet_gest1_sows,concentrate,l_isoleucine,0,,
diet_gest2_sows,concentrate,barley_2_rows_national_11_3_cp,17.24,Spain,
diet_gest2_sows,concentrate,corn_national,33.57,Spain,
diet_gest2_sows,concentrate,wheat_soft_national_10_2_cp,0,Spain,
diet_gest2_sows,concentrate,molasses_sugarcane,0,,
diet_gest2_sows,concentrate,tapioca_65,0,,
diet_gest2_sows,concentrate,wheat_bran_20_starch,39.34,,
diet_gest2_sows,concentrate,soybean_meal_44_cp,0,,
diet_gest2_sows,concentrate,soybean_meal_47_cp,1.11,,
diet_gest2_sows,concentrate,extruded_soybeans,0,,
diet_gest2_sows,concentrate,rapeseed_meal_00_33_cp,0,,
diet_gest2_sows,concentrate,rapeseed_meal_00_36_cp,0,,
diet_gest2_sows,concentrate,sunflower_meal_36_cp,3.06,,
diet_gest2_sows,concentrate,meat_meal_50_14_26,0,,
diet_gest2_sows,concentrate,lard,2.83,,
diet_gest2_sows,concentrate,calcium_carbonate,1.69,,
diet_gest2_sows,concentrate,monocalcium_phosphate_hydrated,0,,
diet_gest2_sows,concentrate,sodium_chloride_mine_92,0.4,,
diet_gest2_sows,concentrate,Vitamin/mineral_supplement,0.51,,
diet_gest2_sows,concentrate,l_lysine_50,0.18,,
diet_gest2_sows,concentrate,methionine_hydroxy_analog,0,,
diet_gest2_sows,concentrate,l_threonine,0.07,,
diet_gest2_sows,concentrate,l_triptophane,0,,
diet_gest2_sows,concentrate,l_valine,0,,
diet_gest2_sows,concentrate,l_isoleucine,0,,
diet_lact1_sows,concentrate,barley_2_rows_national_11_3_cp,5.12,Spain,
diet_lact1_sows,concentrate,corn_national,37.54,Spain,
diet_lact1_sows,concentrate,wheat_soft_national_10_2_cp,5.02,Spain,
diet_lact1_sows,concentrate,molasses_sugarcane,0,,
diet_lact1_sows,concentrate,tapioca_65,0,,
diet_lact1_sows,concentrate,wheat_bran_20_starch,23.48,,
diet_lact1_sows,concentrate,soybean_meal_44_cp,14.54,,
diet_lact1_sows,concentrate,soybean_meal_47_cp,0,,
diet_lact1_sows,concentrate,extruded_soybeans,0,,
diet_lact1_sows,concentrate,rapeseed_meal_00_33_cp,0,,
diet_lact1_sows,concentrate,rapeseed_meal_00_36_cp,0,,
diet_lact1_sows,concentrate,sunflower_meal_36_cp,5.09,,
diet_lact1_sows,concentrate,meat_meal_50_14_26,0,,
diet_lact1_sows,concentrate,lard,5.84,,
diet_lact1_sows,concentrate,calcium_carbonate,1.99,,
diet_lact1_sows,concentrate,monocalcium_phosphate_hydrated,0,,
diet_lact1_sows,concentrate,sodium_chloride_mine_92,0.51,,
diet_lact1_sows,concentrate,Vitamin/mineral_supplement,0.52,,
diet_lact1_sows,concentrate,l_lysine_50,0.23,,
diet_lact1_sows,concentrate,methionine_hydroxy_analog,0.04,,
diet_lact1_sows,concentrate,l_threonine,0.08,,
diet_lact1_sows,concentrate,l_triptophane,0,,
diet_lact1_sows,concentrate,l_valine,0,,
diet_lact1_sows,concentrate,l_isoleucine,0,,
diet_lact2_sows,concentrate,barley_2_rows_national_11_3_cp,5.12,Spain,
diet_lact2_sows,concentrate,corn_national,37.54,Spain,
diet_lact2_sows,concentrate,wheat_soft_national_10_2_cp,5.02,Spain,
diet_lact2_sows,concentrate,molasses_sugarcane,0,,
diet_lact2_sows,concentrate,tapioca_65,0,,
diet_lact2_sows,concentrate,wheat_bran_20_starch,23.48,,
diet_lact2_sows,concentrate,soybean_meal_44_cp,14.54,,
diet_lact2_sows,concentrate,soybean_meal_47_cp,0,,
diet_lact2_sows,concentrate,extruded_soybeans,0,,
diet_lact2_sows,concentrate,rapeseed_meal_00_33_cp,0,,
diet_lact2_sows,concentrate,rapeseed_meal_00_36_cp,0,,
diet_lact2_sows,concentrate,sunflower_meal_36_cp,5.09,,
diet_lact2_sows,concentrate,meat_meal_50_14_26,0,,
diet_lact2_sows,concentrate,lard,5.84,,
diet_lact2_sows,concentrate,calcium_carbonate,1.99,,
diet_lact2_sows,concentrate,monocalcium_phosphate_hydrated,0,,
diet_lact2_sows,concentrate,sodium_chloride_mine_92,0.51,,
diet_lact2_sows,concentrate,Vitamin/mineral_supplement,0.52,,
diet_lact2_sows,concentrate,l_lysine_50,0.23,,
diet_lact2_sows,concentrate,methionine_hydroxy_analog,0.04,,
diet_lact2_sows,concentrate,l_threonine,0.08,,
diet_lact2_sows,concentrate,l_triptophane,0,,
diet_lact2_sows,concentrate,l_valine,0,,
diet_lact2_sows,concentrate,l_isoleucine,0,,
diet_rest1_sows,concentrate,barley_2_rows_national_11_3_cp,5.12,Spain,
diet_rest1_sows,concentrate,corn_national,37.54,Spain,
diet_rest1_sows,concentrate,wheat_soft_national_10_2_cp,5.02,Spain,
diet_rest1_sows,concentrate,molasses_sugarcane,0,,
diet_rest1_sows,concentrate,tapioca_65,0,,
diet_rest1_sows,concentrate,wheat_bran_20_starch,23.48,,
diet_rest1_sows,concentrate,soybean_meal_44_cp,14.54,,
diet_rest1_sows,concentrate,soybean_meal_47_cp,0,,
diet_rest1_sows,concentrate,extruded_soybeans,0,,
diet_rest1_sows,concentrate,rapeseed_meal_00_33_cp,0,,
diet_rest1_sows,concentrate,rapeseed_meal_00_36_cp,0,,
diet_rest1_sows,concentrate,sunflower_meal_36_cp,5.09,,
diet_rest1_sows,concentrate,meat_meal_50_14_26,0,,
diet_rest1_sows,concentrate,lard,5.84,,
diet_rest1_sows,concentrate,calcium_carbonate,1.99,,
diet_rest1_sows,concentrate,monocalcium_phosphate_hydrated,0,,
diet_rest1_sows,concentrate,sodium_chloride_mine_92,0.51,,
diet_rest1_sows,concentrate,Vitamin/mineral_supplement,0.52,,
diet_rest1_sows,concentrate,l_lysine_50,0.23,,
diet_rest1_sows,concentrate,methionine_hydroxy_analog,0.04,,
diet_rest1_sows,concentrate,l_threonine,0.08,,
diet_rest1_sows,concentrate,l_triptophane,0,,
diet_rest1_sows,concentrate,l_valine,0,,
diet_rest1_sows,concentrate,l_isoleucine,0,,
diet_rest2_sows,concentrate,barley_2_rows_national_11_3_cp,17.24,Spain,
diet_rest2_sows,concentrate,corn_national,33.57,Spain,
diet_rest2_sows,concentrate,wheat_soft_national_10_2_cp,0,Spain,
diet_rest2_sows,concentrate,molasses_sugarcane,0,,
diet_rest2_sows,concentrate,tapioca_65,0,,
diet_rest2_sows,concentrate,wheat_bran_20_starch,39.34,,
diet_rest2_sows,concentrate,soybean_meal_44_cp,0,,
diet_rest2_sows,concentrate,soybean_meal_47_cp,1.11,,
diet_rest2_sows,concentrate,extruded_soybeans,0,,
diet_rest2_sows,concentrate,rapeseed_meal_00_33_cp,0,,
diet_rest2_sows,concentrate,rapeseed_meal_00_36_cp,0,,
diet_rest2_sows,concentrate,sunflower_meal_36_cp,3.06,,
diet_rest2_sows,concentrate,meat_meal_50_14_26,0,,
diet_rest2_sows,concentrate,lard,2.83,,
diet_rest2_sows,concentrate,calcium_carbonate,1.69,,
diet_rest2_sows,concentrate,monocalcium_phosphate_hydrated,0,,
diet_rest2_sows,concentrate,sodium_chloride_mine_92,0.4,,
diet_rest2_sows,concentrate,Vitamin/mineral_supplement,0.51,,
diet_rest2_sows,concentrate,l_lysine_50,0.18,,
diet_rest2_sows,concentrate,methionine_hydroxy_analog,0,,
diet_rest2_sows,concentrate,l_threonine,0.07,,
diet_rest2_sows,concentrate,l_triptophane,0,,
diet_rest2_sows,concentrate,l_valine,0,,
diet_rest2_sows,concentrate,l_isoleucine,0,,
